{"total":195,"images":[{"id":"5c9b64768b65880001803e9a","title":"Happy to show my true colours","slug":"Happy to show my true colours","thumb2x":{"width":576,"height":385,"type":"jpg","url":"https://photo-cdn2.icons8.com/i_aVe7oZ9L51a7wC8Kc5z7UXxBWWrUhRy1jYkK6vvlE/rs:fit:576:385/czM6Ly9pY29uczgu/bW9vc2UtcHJvZC5h/c3NldHMvYXNzZXRz/L3NhdGEvb3JpZ2lu/YWwvNzcyLzQyZDJi/OGQ3LWJlYzctNDgz/Yy04NDJiLTNhMTI1/M2M0MGU5Ny5qcGc.jpg"}},{"id":"5c9b64a18b65880001803ea7","title":"Oh, come on, you look fabulous too, sis","slug":"Oh, come on, you look fabulous too, sis","thumb2x":{"width":576,"height":385,"type":"jpg","url":"https://photo-cdn2.icons8.com/y59A0fxZoViJFi5DnlUccC4M5IeLgb9NLKR_lGSZVZM/rs:fit:576:385/czM6Ly9pY29uczgu/bW9vc2UtcHJvZC5h/c3NldHMvYXNzZXRz/L3NhdGEvb3JpZ2lu/YWwvODc2LzIzNmY1/NjY1LWI1NDgtNDE5/ZS04NzQ1LWYwMzdm/M2EwZmM2My5qcGc.jpg"}},{"id":"5c9b64988b65880001803ea4","title":"Girls love girls and boys and love is not a choice","slug":"Girls love girls and boys and love is not a choice","thumb2x":{"width":576,"height":385,"type":"jpg","url":"https://photo-cdn2.icons8.com/KkmbbYZpKv0hIOKVL6-u_Puhi2dEC6NhermnCnWqXuM/rs:fit:576:385/czM6Ly9pY29uczgu/bW9vc2UtcHJvZC5h/c3NldHMvYXNzZXRz/L3NhdGEvb3JpZ2lu/YWwvNjE3L2U0NGU2/MDdkLTcwZjMtNDkz/YS1hZjUxLTk3NDE4/MzYzZjkxOC5qcGc.jpg"}},{"id":"5c9b647c8b65880001803e9c","title":"I'm wearing soft pastel colours so the loud rainbow vibes of my flag could be heard by the whole world","slug":"I'm wearing soft pastel colours so the loud rainbow vibes of my flag could be heard by the whole world","thumb2x":{"width":576,"height":385,"type":"jpg","url":"https://photo-cdn2.icons8.com/nuKPl8WIaMYgDVVt6GZFsCeUzYjzVomWFcB8njnRrQI/rs:fit:576:385/czM6Ly9pY29uczgu/bW9vc2UtcHJvZC5h/c3NldHMvYXNzZXRz/L3NhdGEvb3JpZ2lu/YWwvMjYxLzI3ZWI4/ZTIwLWZmZjgtNGQw/Zi1iYjAwLWZlMDkw/YmRiYTJhMi5qcGc.jpg"}},{"id":"5c9b64958b65880001803ea3","title":"The first two letters in lgbt actually stand for looking good","slug":"The first two letters in lgbt actually stand for looking good","thumb2x":{"width":576,"height":385,"type":"jpg","url":"https://photo-cdn2.icons8.com/eNoU0KDgSLYNNpC4VzAVN9DN2HojZP3JBcGBxVUbBGo/rs:fit:576:385/czM6Ly9pY29uczgu/bW9vc2UtcHJvZC5h/c3NldHMvYXNzZXRz/L3NhdGEvb3JpZ2lu/YWwvMTY0LzFlYzYw/MzI4LWQ4OGUtNDk5/Yi04MjQ0LWY1MjE4/MTQxNmE1ZS5qcGc.jpg"}},{"id":"5c9b649e8b65880001803ea6","title":"Ready to stand for what i believe in","slug":"Ready to stand for what i believe in","thumb2x":{"width":576,"height":385,"type":"jpg","url":"https://photo-cdn2.icons8.com/s2Cc8TEi9662TrwqJK2C-ZrAy61mgsgWw8g9eG4baPM/rs:fit:576:385/czM6Ly9pY29uczgu/bW9vc2UtcHJvZC5h/c3NldHMvYXNzZXRz/L3NhdGEvb3JpZ2lu/YWwvMzM4L2JlMTc1/ZTM5LTNjYjMtNGNm/OS04NWNlLTNiNjNi/MTczMjMxZC5qcGc.jpg"}},{"id":"5c9b64918b65880001803ea2","title":"Red is for life, orange is for healing, yellow is for sunlight, green is for nature, blue is for peace and harmony and purple is for spirit","slug":"Red is for life, orange is for healing, yellow is for sunlight, green is for nature, blue is for peace and harmony and purple is for spirit","thumb2x":{"width":576,"height":385,"type":"jpg","url":"https://photo-cdn2.icons8.com/6Olqve3huRQndZiOgormuyXIq_8m_1VhGT4bdh7hhuM/rs:fit:576:385/czM6Ly9pY29uczgu/bW9vc2UtcHJvZC5h/c3NldHMvYXNzZXRz/L3NhdGEvb3JpZ2lu/YWwvMjY5LzdkYWRk/YzUzLWYwM2UtNGY2/Mi1iNjQ5LTk4YWZi/NWI1NzFmNy5qcGc.jpg"}},{"id":"5c9b648a8b65880001803ea0","title":"Sometimes to make a statement you don't have to use words","slug":"Sometimes to make a statement you don't have to use words","thumb2x":{"width":576,"height":385,"type":"jpg","url":"https://photo-cdn2.icons8.com/1iT6Drf6tNm9cvw7PNyBodM8dASsNmYC0ACnni361_A/rs:fit:576:385/czM6Ly9pY29uczgu/bW9vc2UtcHJvZC5h/c3NldHMvYXNzZXRz/L3NhdGEvb3JpZ2lu/YWwvMTI5Lzc4NjQ2/NjZkLTQwZGItNDg1/OS05YTJkLWRiOWM5/NTVjMjA4Zi5qcGc.jpg"}}],"image":null}