{"total":360,"illustrations":[{"id":"628f3be891ec8e00014984a6","heading":"flag","pretty_id":"bubble-gum-flag"},{"id":"62c6e1e0ef4039000113db18","heading":"blue flag","pretty_id":"bonbon-blue-flag"},{"id":"62335c8f3f514f000170c288","heading":"small yellow flag","pretty_id":"bubble-gum-small-yellow-flag"},{"id":"617fb3f38c3a670001f33a7f","heading":"flag","pretty_id":"bonbon-flag-1"},{"id":"617fb3f88c3a670001f33a88","heading":"flag","pretty_id":"bonbon-flag-2"},{"id":"617fb3fd8c3a670001f33a91","heading":"flag","pretty_id":"bonbon-flag-3"},{"id":"617fb3ed8c3a670001f33a75","heading":"flag","pretty_id":"bonbon-flag"},{"id":"61835c31a68fba000166c6a0","heading":"flag","pretty_id":"sammy-flag-3"}]}