{"success":true,"category":{"code":"flags","name":"Flags","share_url":"http://ic8.link/flags","share_preview":"https://maxcdn.icons8.com/Share/category/flags.png","subcategory":[{"code":"circular-flags","name":"Circular Flags","description":"","icons":[{"id":"JU51chZoEY41","name":"Ireland","platform":"color","timestamp":1571647638,"url":"/icon/JU51chZoEY41/ireland","commonId":"oDEORjpgnxEV","commonName":"ireland-circular","category":"Flags","isColor":true,"isAnimated":false,"free":false,"isExternal":false},{"id":"JLkXEbWTngKW","name":"Isle Of Man Circular","platform":"color","timestamp":1644568953,"url":"/icon/JLkXEbWTngKW/isle-of-man-circular","commonId":"XY56IsS0nFnn","commonName":"isle-of-man-circular","category":"Flags","isColor":true,"isAnimated":false,"free":false,"isExternal":false},{"id":"h8zouG9Wo7eR","name":"Israel","platform":"color","timestamp":1571647644,"url":"/icon/h8zouG9Wo7eR/israel","commonId":"G4QqHneUJCKo","commonName":"israel-circular","category":"Flags","isColor":true,"isAnimated":false,"free":false,"isExternal":false},{"id":"PW8KZnP7qXzO","name":"Italy","platform":"color","timestamp":1571647645,"url":"/icon/PW8KZnP7qXzO/italy","commonId":"F4FOESsGnijU","commonName":"italy-circular","category":"Flags","isColor":true,"isAnimated":false,"free":false,"isExternal":false},{"id":"v-MBirY7SnW3","name":"Ivory Coast","platform":"color","timestamp":1571647646,"url":"/icon/v-MBirY7SnW3/ivory-coast","commonId":"K-gLbvENf0pq","commonName":"ivory-coast-circular","category":"Flags","isColor":true,"isAnimated":false,"free":false,"isExternal":false},{"id":"8GMO8WKl7DD2","name":"Jamaica","platform":"color","timestamp":1571647652,"url":"/icon/8GMO8WKl7DD2/jamaica","commonId":"o624nfayLN2g","commonName":"jamaica-circular","category":"Flags","isColor":true,"isAnimated":false,"free":false,"isExternal":false},{"id":"McQbrq9qaQye","name":"Japan","platform":"color","timestamp":1571647658,"url":"/icon/McQbrq9qaQye/japan","commonId":"HGRq_EJ19toD","commonName":"japan-circular","category":"Flags","isColor":true,"isAnimated":false,"free":false,"isExternal":false},{"id":"yBaqBtImcBMV","name":"Jersey Circular","platform":"color","timestamp":1644568954,"url":"/icon/yBaqBtImcBMV/jersey-circular","commonId":"eLVnZZCbzXG9","commonName":"jersey-circular","category":"Flags","isColor":true,"isAnimated":false,"free":false,"isExternal":false},{"id":"jznUVWNe3XQx","name":"Jordan","platform":"color","timestamp":1571647673,"url":"/icon/jznUVWNe3XQx/jordan","commonId":"UimtX_JR-f50","commonName":"jordan-circular","category":"Flags","isColor":true,"isAnimated":false,"free":false,"isExternal":false},{"id":"WYQnJ00xxgjb","name":"Kazakhstan","platform":"color","timestamp":1571647680,"url":"/icon/WYQnJ00xxgjb/kazakhstan","commonId":"WT4DPokxXD-n","commonName":"kazakhstan-circular","category":"Flags","isColor":true,"isAnimated":false,"free":false,"isExternal":false},{"id":"RiWEw0nK1EZP","name":"Kenya","platform":"color","timestamp":1571647681,"url":"/icon/RiWEw0nK1EZP/kenya","commonId":"Tag6EEo5ifZn","commonName":"kenya-circular","category":"Flags","isColor":true,"isAnimated":false,"free":false,"isExternal":false},{"id":"tNqmkCvnNC0Y","name":"Kiribati Circular","platform":"color","timestamp":1644568955,"url":"/icon/tNqmkCvnNC0Y/kiribati-circular","commonId":"c6t2cBS1F9Gl","commonName":"kiribati-circular","category":"Flags","isColor":true,"isAnimated":false,"free":false,"isExternal":false},{"id":"yt6S5qqDA8ur","name":"Kuwait","platform":"color","timestamp":1571647688,"url":"/icon/yt6S5qqDA8ur/kuwait","commonId":"JwWSFQ6Fawn0","commonName":"kuwait-circular","category":"Flags","isColor":true,"isAnimated":false,"free":false,"isExternal":false},{"id":"FoR-74rSVZLi","name":"Kyrgyzstan","platform":"color","timestamp":1571647694,"url":"/icon/FoR-74rSVZLi/kyrgyzstan","commonId":"22Rej4NNFan1","commonName":"kyrgyzstan-circular","category":"Flags","isColor":true,"isAnimated":false,"free":false,"isExternal":false},{"id":"sJzP1l7fhIB5","name":"Laos","platform":"color","timestamp":1571647700,"url":"/icon/sJzP1l7fhIB5/laos","commonId":"3ZDSChKQsIQz","commonName":"laos-circular","category":"Flags","isColor":true,"isAnimated":false,"free":false,"isExternal":false},{"id":"XaNUOCiDBSrr","name":"Latvia","platform":"color","timestamp":1571647706,"url":"/icon/XaNUOCiDBSrr/latvia","commonId":"bFAS4qUTh4YO","commonName":"latvia-circular","category":"Flags","isColor":true,"isAnimated":false,"free":false,"isExternal":false},{"id":"fQ36FLcNCM4_","name":"Lebanon","platform":"color","timestamp":1571647707,"url":"/icon/fQ36FLcNCM4_/lebanon","commonId":"cDcp7gpQ7Fey","commonName":"lebanon-circular","category":"Flags","isColor":true,"isAnimated":false,"free":false,"isExternal":false},{"id":"10fKpn0YcF0y","name":"Lesotho","platform":"color","timestamp":1571647718,"url":"/icon/10fKpn0YcF0y/lesotho","commonId":"MT3cNRLIbW_q","commonName":"lesotho-circular","category":"Flags","isColor":true,"isAnimated":false,"free":false,"isExternal":false},{"id":"kmhygyVC3wiA","name":"Liberia","platform":"color","timestamp":1571647724,"url":"/icon/kmhygyVC3wiA/liberia","commonId":"JDchMJKF66nT","commonName":"liberia-circular","category":"Flags","isColor":true,"isAnimated":false,"free":false,"isExternal":false},{"id":"YYL-KdcSeA7E","name":"Libya","platform":"color","timestamp":1571647724,"url":"/icon/YYL-KdcSeA7E/libya","commonId":"kF_WDZn2uS0s","commonName":"libya-circular","category":"Flags","isColor":true,"isAnimated":false,"free":false,"isExternal":false},{"id":"Ey1x9a6oPD1C","name":"Liechtenstein Circular","platform":"color","timestamp":1644569088,"url":"/icon/Ey1x9a6oPD1C/liechtenstein-circular","commonId":"HE7bh4FBHZ35","commonName":"liechtenstein-circular","category":"Flags","isColor":true,"isAnimated":false,"free":false,"isExternal":false},{"id":"3Rbv7Bb7BwbZ","name":"Lithuania","platform":"color","timestamp":1571647725,"url":"/icon/3Rbv7Bb7BwbZ/lithuania","commonId":"2N9-Dg34Z1Jd","commonName":"lithuania-circular","category":"Flags","isColor":true,"isAnimated":false,"free":false,"isExternal":false},{"id":"dSZTdPYda50t","name":"Luxembourg","platform":"color","timestamp":1571647746,"url":"/icon/dSZTdPYda50t/luxembourg","commonId":"4bdTGgXDRlPW","commonName":"luxembourg-circular","category":"Flags","isColor":true,"isAnimated":false,"free":false,"isExternal":false},{"id":"qPpgtt6gj7iE","name":"Macao Circular","platform":"color","timestamp":1644569089,"url":"/icon/qPpgtt6gj7iE/macao-circular","commonId":"MUSIn8JBWla7","commonName":"macao-circular","category":"Flags","isColor":true,"isAnimated":false,"free":false,"isExternal":false},{"id":"e-njr3j14X3r","name":"Macedonia","platform":"color","timestamp":1571647761,"url":"/icon/e-njr3j14X3r/macedonia","commonId":"Owva_KFb4E0A","commonName":"macedonia-circular","category":"Flags","isColor":true,"isAnimated":false,"free":false,"isExternal":false},{"id":"swkXsAvjFsb9","name":"Madagascar","platform":"color","timestamp":1571648159,"url":"/icon/swkXsAvjFsb9/madagascar","commonId":"x0EGQ62ZJXCQ","commonName":"madagascar-circular","category":"Flags","isColor":true,"isAnimated":false,"free":false,"isExternal":false},{"id":"nHUvWCTyjC8k","name":"Malawi","platform":"color","timestamp":1571648165,"url":"/icon/nHUvWCTyjC8k/malawi","commonId":"Auw3Hu_PfF6_","commonName":"malawi-circular","category":"Flags","isColor":true,"isAnimated":false,"free":false,"isExternal":false},{"id":"nQtyhesxmxhM","name":"Malaysia","platform":"color","timestamp":1571648172,"url":"/icon/nQtyhesxmxhM/malaysia","commonId":"26YOVWdi46ct","commonName":"malaysia-circular","category":"Flags","isColor":true,"isAnimated":false,"free":false,"isExternal":false},{"id":"9lC0UmKtO2ZW","name":"Maldives Circular","platform":"color","timestamp":1644569090,"url":"/icon/9lC0UmKtO2ZW/maldives-circular","commonId":"MXosuogGG1J3","commonName":"maldives-circular","category":"Flags","isColor":true,"isAnimated":false,"free":false,"isExternal":false},{"id":"5fDR-qQyAV6j","name":"Mali","platform":"color","timestamp":1571648173,"url":"/icon/5fDR-qQyAV6j/mali","commonId":"OVWll7Upj1Gn","commonName":"mali-circular","category":"Flags","isColor":true,"isAnimated":false,"free":false,"isExternal":false},{"id":"ukyvCISvQSmB","name":"Malta Circular","platform":"color","timestamp":1644569092,"url":"/icon/ukyvCISvQSmB/malta-circular","commonId":"Hp7RcBwerUfU","commonName":"malta-circular","category":"Flags","isColor":true,"isAnimated":false,"free":false,"isExternal":false},{"id":"zff1j0fB22vP","name":"Marshall Islands Circular","platform":"color","timestamp":1644569094,"url":"/icon/zff1j0fB22vP/marshall-islands-circular","commonId":"SjQ6tIg2Om3v","commonName":"marshall-islands-circular","category":"Flags","isColor":true,"isAnimated":false,"free":false,"isExternal":false},{"id":"HowmBZyslJIO","name":"Mauritania","platform":"color","timestamp":1571648179,"url":"/icon/HowmBZyslJIO/mauritania","commonId":"uD8EROBYwP5U","commonName":"mauritania-circular","category":"Flags","isColor":true,"isAnimated":false,"free":false,"isExternal":false},{"id":"zf8bN2I89jlv","name":"Mauritius","platform":"color","timestamp":1571648195,"url":"/icon/zf8bN2I89jlv/mauritius","commonId":"fFVROfaW52PS","commonName":"mauritius-circular","category":"Flags","isColor":true,"isAnimated":false,"free":false,"isExternal":false},{"id":"UFGk2vu5rEkt","name":"Mexico","platform":"color","timestamp":1571648197,"url":"/icon/UFGk2vu5rEkt/mexico","commonId":"SYkaceW4pOsy","commonName":"mexico-circular","category":"Flags","isColor":true,"isAnimated":false,"free":false,"isExternal":false},{"id":"Oy7W8uTq1yxZ","name":"Micronesia Circular","platform":"color","timestamp":1644569095,"url":"/icon/Oy7W8uTq1yxZ/micronesia-circular","commonId":"7ZOLiv3q5af7","commonName":"micronesia-circular","category":"Flags","isColor":true,"isAnimated":false,"free":false,"isExternal":false},{"id":"iBXsqVBsBGvx","name":"Moldova Circular","platform":"color","timestamp":1644569098,"url":"/icon/iBXsqVBsBGvx/moldova-circular","commonId":"wRS71RVspqkr","commonName":"moldova-circular","category":"Flags","isColor":true,"isAnimated":false,"free":false,"isExternal":false},{"id":"2y5sGUfLsbuI","name":"Monaco","platform":"color","timestamp":1571648199,"url":"/icon/2y5sGUfLsbuI/monaco","commonId":"qHr2-YkxLXMU","commonName":"monaco-circular","category":"Flags","isColor":true,"isAnimated":false,"free":false,"isExternal":false},{"id":"kpL-X9UM1OJy","name":"Mongolia","platform":"color","timestamp":1571648209,"url":"/icon/kpL-X9UM1OJy/mongolia","commonId":"-qJLmUnRbRzz","commonName":"mongolia-circular","category":"Flags","isColor":true,"isAnimated":false,"free":false,"isExternal":false},{"id":"JBP86QwhxjNo","name":"Montenegro Circular","platform":"color","timestamp":1644569100,"url":"/icon/JBP86QwhxjNo/montenegro-circular","commonId":"dDzaPZSUsbHW","commonName":"montenegro-circular","category":"Flags","isColor":true,"isAnimated":false,"free":false,"isExternal":false},{"id":"htUhoS2ySeUk","name":"Montserrat Circular","platform":"color","timestamp":1644569103,"url":"/icon/htUhoS2ySeUk/montserrat-circular","commonId":"Kv9LFke3CJOi","commonName":"montserrat-circular","category":"Flags","isColor":true,"isAnimated":false,"free":false,"isExternal":false},{"id":"U2rfVevdGDVK","name":"Morocco","platform":"color","timestamp":1571648220,"url":"/icon/U2rfVevdGDVK/morocco","commonId":"7uS0lm8k5w8E","commonName":"morocco-circular","category":"Flags","isColor":true,"isAnimated":false,"free":false,"isExternal":false},{"id":"MYEmtUV2MO8N","name":"Mozambique","platform":"color","timestamp":1571648221,"url":"/icon/MYEmtUV2MO8N/mozambique","commonId":"-G9QhYvWj7gs","commonName":"mozambique-circular","category":"Flags","isColor":true,"isAnimated":false,"free":false,"isExternal":false},{"id":"mdqlbmCXtG0X","name":"Myanmar","platform":"color","timestamp":1571648222,"url":"/icon/mdqlbmCXtG0X/myanmar","commonId":"zMTC7dERqO6x","commonName":"myanmar-circular","category":"Flags","isColor":true,"isAnimated":false,"free":false,"isExternal":false},{"id":"SpCEqNgDxuLy","name":"Namibia","platform":"color","timestamp":1571648223,"url":"/icon/SpCEqNgDxuLy/namibia","commonId":"Gw5-lz9x7C-j","commonName":"namibia-circular","category":"Flags","isColor":true,"isAnimated":false,"free":false,"isExternal":false},{"id":"buPFi1ans9kw","name":"Nauru Circular","platform":"color","timestamp":1644569105,"url":"/icon/buPFi1ans9kw/nauru-circular","commonId":"Bf0PDAvkIrej","commonName":"nauru-circular","category":"Flags","isColor":true,"isAnimated":false,"free":false,"isExternal":false},{"id":"LMaU4ki7viaM","name":"Nepal Circular","platform":"color","timestamp":1644569105,"url":"/icon/LMaU4ki7viaM/nepal-circular","commonId":"EfI6lZWOTjU3","commonName":"nepal-circular","category":"Flags","isColor":true,"isAnimated":false,"free":false,"isExternal":false},{"id":"GRtAYjjO_vFr","name":"Netherlands","platform":"color","timestamp":1571648229,"url":"/icon/GRtAYjjO_vFr/netherlands","commonId":"aAcGx-DMK8VY","commonName":"netherlands-circular","category":"Flags","isColor":true,"isAnimated":false,"free":false,"isExternal":false},{"id":"Q8RbES-9By0F","name":"New Zealand","platform":"color","timestamp":1571648230,"url":"/icon/Q8RbES-9By0F/new-zealand","commonId":"pXp2A8kbda2o","commonName":"new-zealand-circular","category":"Flags","isColor":true,"isAnimated":false,"free":false,"isExternal":false},{"id":"Dql2sgZSlucq","name":"Nicaragua Circular","platform":"color","timestamp":1644569243,"url":"/icon/Dql2sgZSlucq/nicaragua-circular","commonId":"iMWtL4CPnPOK","commonName":"nicaragua-circular","category":"Flags","isColor":true,"isAnimated":false,"free":false,"isExternal":false},{"id":"1vOVtTYZMoUc","name":"Niger Circular","platform":"color","timestamp":1644569245,"url":"/icon/1vOVtTYZMoUc/niger-circular","commonId":"aW0r5SSavOZ8","commonName":"niger-circular","category":"Flags","isColor":true,"isAnimated":false,"free":false,"isExternal":false},{"id":"TNZJuNIE2U53","name":"Nigeria Circular","platform":"color","timestamp":1644569246,"url":"/icon/TNZJuNIE2U53/nigeria-circular","commonId":"j69DDUrQPDIg","commonName":"nigeria-circular","category":"Flags","isColor":true,"isAnimated":false,"free":false,"isExternal":false},{"id":"KLqueXRLa2Gi","name":"Niue Circular","platform":"color","timestamp":1644569247,"url":"/icon/KLqueXRLa2Gi/niue-circular","commonId":"LiEzfL20qbqw","commonName":"niue-circular","category":"Flags","isColor":true,"isAnimated":false,"free":false,"isExternal":false},{"id":"MYXOkNjFR3lJ","name":"Norfolk Island Circular","platform":"color","timestamp":1644569248,"url":"/icon/MYXOkNjFR3lJ/norfolk-island-circular","commonId":"C1Me30dW0H8Y","commonName":"norfolk-island-circular","category":"Flags","isColor":true,"isAnimated":false,"free":false,"isExternal":false},{"id":"FLHKbe5juIxK","name":"North Korea","platform":"color","timestamp":1571648231,"url":"/icon/FLHKbe5juIxK/north-korea","commonId":"DTim9qWQM2Wb","commonName":"north-korea-circular","category":"Flags","isColor":true,"isAnimated":false,"free":false,"isExternal":false},{"id":"BI22MLxjt52M","name":"Northern Mariana Islands Circular","platform":"color","timestamp":1644569232,"url":"/icon/BI22MLxjt52M/northern-mariana-islands-circular","commonId":"2jVEGFD6YP8i","commonName":"northern-mariana-islands-circular","category":"Flags","isColor":true,"isAnimated":false,"free":false,"isExternal":false},{"id":"JSgvmncLWozY","name":"Norway","platform":"color","timestamp":1571648242,"url":"/icon/JSgvmncLWozY/norway","commonId":"fLYTlHzyJCXP","commonName":"norway-circular","category":"Flags","isColor":true,"isAnimated":false,"free":false,"isExternal":false},{"id":"xuy7nz2VAXK4","name":"Oman","platform":"color","timestamp":1597232153,"url":"/icon/xuy7nz2VAXK4/oman","commonId":"K4aaYxMo9A7f","commonName":"oman-circular","category":"Flags","isColor":true,"isAnimated":false,"free":false,"isExternal":false},{"id":"wrIcJrp64W6g","name":"Pakistan","platform":"color","timestamp":1571648243,"url":"/icon/wrIcJrp64W6g/pakistan","commonId":"mkxi6cSj9or5","commonName":"pakistan-circular","category":"Flags","isColor":true,"isAnimated":false,"free":false,"isExternal":false},{"id":"iU4rpa9QGXp0","name":"Palestine Circular","platform":"color","timestamp":1644569233,"url":"/icon/iU4rpa9QGXp0/palestine-circular","commonId":"QPDolFkwl7qS","commonName":"palestine-circular","category":"Flags","isColor":true,"isAnimated":false,"free":false,"isExternal":false},{"id":"G2qYPYwlYbba","name":"Panama","platform":"color","timestamp":1571648244,"url":"/icon/G2qYPYwlYbba/panama","commonId":"rRzvGw76QjWU","commonName":"panama-circular","category":"Flags","isColor":true,"isAnimated":false,"free":false,"isExternal":false},{"id":"fvKyfGXPIAbB","name":"Papua New Guinea Circular","platform":"color","timestamp":1644569235,"url":"/icon/fvKyfGXPIAbB/papua-new-guinea-circular","commonId":"tx2Fc7ZpFZvL","commonName":"papua-new-guinea-circular","category":"Flags","isColor":true,"isAnimated":false,"free":false,"isExternal":false},{"id":"PhEK88rj5PPe","name":"Paraguay Circular","platform":"color","timestamp":1644569238,"url":"/icon/PhEK88rj5PPe/paraguay-circular","commonId":"5tqCnASMeKbn","commonName":"paraguay-circular","category":"Flags","isColor":true,"isAnimated":false,"free":false,"isExternal":false},{"id":"zAdpWujCKFPn","name":"Peru","platform":"color","timestamp":1571648245,"url":"/icon/zAdpWujCKFPn/peru","commonId":"Zvi_5nH4Dmut","commonName":"peru-circular","category":"Flags","isColor":true,"isAnimated":false,"free":false,"isExternal":false},{"id":"BpeHTGd7vDqR","name":"Philippines","platform":"color","timestamp":1571648491,"url":"/icon/BpeHTGd7vDqR/philippines","commonId":"wWI1I2He9Wof","commonName":"philippines-circular","category":"Flags","isColor":true,"isAnimated":false,"free":false,"isExternal":false},{"id":"VWCOD1aLgQXv","name":"Pitcairn Islands Circular","platform":"color","timestamp":1644569240,"url":"/icon/VWCOD1aLgQXv/pitcairn-islands-circular","commonId":"golvUksi8rmm","commonName":"pitcairn-islands-circular","category":"Flags","isColor":true,"isAnimated":false,"free":false,"isExternal":false},{"id":"v1LdyfpYmW_8","name":"Poland","platform":"color","timestamp":1571648512,"url":"/icon/v1LdyfpYmW_8/poland","commonId":"OvZgPRTIr3OG","commonName":"poland-circular","category":"Flags","isColor":true,"isAnimated":false,"free":false,"isExternal":false},{"id":"YH8SIHwSmghn","name":"Portugal","platform":"color","timestamp":1571648520,"url":"/icon/YH8SIHwSmghn/portugal","commonId":"Xi-6T7dwq6XW","commonName":"portugal-circular","category":"Flags","isColor":true,"isAnimated":false,"free":false,"isExternal":false},{"id":"rrB2KkgjGfbz","name":"Puerto Rico","platform":"color","timestamp":1571648524,"url":"/icon/rrB2KkgjGfbz/puerto-rico","commonId":"mph5nZHWzJm7","commonName":"puerto-rico-circular","category":"Flags","isColor":true,"isAnimated":false,"free":false,"isExternal":false},{"id":"knTN7stjfTvi","name":"Qatar","platform":"color","timestamp":1571648525,"url":"/icon/knTN7stjfTvi/qatar","commonId":"3HQRvxwfnHpD","commonName":"qatar-circular","category":"Flags","isColor":true,"isAnimated":false,"free":false,"isExternal":false},{"id":"vtGJjy9EsMiz","name":"Romania","platform":"color","timestamp":1571648536,"url":"/icon/vtGJjy9EsMiz/romania","commonId":"xfGRL5nPNxDR","commonName":"romania-circular","category":"Flags","isColor":true,"isAnimated":false,"free":false,"isExternal":false},{"id":"dHLUcDM_MwLT","name":"Russian Federation","platform":"color","timestamp":1571648536,"url":"/icon/dHLUcDM_MwLT/russian-federation","commonId":"sfcGE1J2caCR","commonName":"russian-federation-circular","category":"Flags","isColor":true,"isAnimated":false,"free":false,"isExternal":false},{"id":"CXMLdzKXEgrP","name":"Rwanda Circular","platform":"color","timestamp":1644569242,"url":"/icon/CXMLdzKXEgrP/rwanda-circular","commonId":"w0XviShDdeTI","commonName":"rwanda-circular","category":"Flags","isColor":true,"isAnimated":false,"free":false,"isExternal":false},{"id":"HC2bgNf6dHZf","name":"Saint Kitts And Nevis Circular","platform":"color","timestamp":1644569363,"url":"/icon/HC2bgNf6dHZf/saint-kitts-and-nevis-circular","commonId":"gk9f9uWKO4r5","commonName":"saint-kitts-and-nevis-circular","category":"Flags","isColor":true,"isAnimated":false,"free":false,"isExternal":false},{"id":"kY8WX9AUxfPX","name":"Saint Lucia Circular","platform":"color","timestamp":1644569364,"url":"/icon/kY8WX9AUxfPX/saint-lucia-circular","commonId":"BHfI4d7nGppi","commonName":"saint-lucia-circular","category":"Flags","isColor":true,"isAnimated":false,"free":false,"isExternal":false},{"id":"fw7Vr2Vim66O","name":"Saint Vincent And The Grenadines Circular","platform":"color","timestamp":1644569364,"url":"/icon/fw7Vr2Vim66O/saint-vincent-and-the-grenadines-circular","commonId":"AAyg37FfK7Zt","commonName":"saint-vincent-and-the-grenadines-circular","category":"Flags","isColor":true,"isAnimated":false,"free":false,"isExternal":false},{"id":"Ilm2IVoBq83i","name":"Samoa Circular","platform":"color","timestamp":1644569367,"url":"/icon/Ilm2IVoBq83i/samoa-circular","commonId":"OFEQsLBm1SE8","commonName":"samoa-circular","category":"Flags","isColor":true,"isAnimated":false,"free":false,"isExternal":false},{"id":"pMN2CoUxU72Q","name":"San Marino","platform":"color","timestamp":1571648541,"url":"/icon/pMN2CoUxU72Q/san-marino","commonId":"XewpGzqjUajQ","commonName":"san-marino-circular","category":"Flags","isColor":true,"isAnimated":false,"free":false,"isExternal":false},{"id":"IxkrBQeTkBpr","name":"Sao Tome And Principe Circular","platform":"color","timestamp":1644569368,"url":"/icon/IxkrBQeTkBpr/sao-tome-and-principe-circular","commonId":"iAft1XMxK8rp","commonName":"sao-tome-and-principe-circular","category":"Flags","isColor":true,"isAnimated":false,"free":false,"isExternal":false},{"id":"5RQ-CeHHQ8Lk","name":"Saudi Arabia","platform":"color","timestamp":1571648559,"url":"/icon/5RQ-CeHHQ8Lk/saudi-arabia","commonId":"Ob9wjhP6nq40","commonName":"saudi-arabia-circular","category":"Flags","isColor":true,"isAnimated":false,"free":false,"isExternal":false},{"id":"z1IZIg1oeoN5","name":"Senegal Circular","platform":"color","timestamp":1644569369,"url":"/icon/z1IZIg1oeoN5/senegal-circular","commonId":"wtys194c5Dif","commonName":"senegal-circular","category":"Flags","isColor":true,"isAnimated":false,"free":false,"isExternal":false},{"id":"i5ED7mTrgfHK","name":"Serbia","platform":"color","timestamp":1571648567,"url":"/icon/i5ED7mTrgfHK/serbia","commonId":"Jy53stja5T5b","commonName":"sernia-circular","category":"Flags","isColor":true,"isAnimated":false,"free":false,"isExternal":false},{"id":"HWzi9hMQGl5E","name":"Seychelles","platform":"color","timestamp":1571648575,"url":"/icon/HWzi9hMQGl5E/seychelles","commonId":"5Fc5a4hF1qzp","commonName":"seychelles-circular","category":"Flags","isColor":true,"isAnimated":false,"free":false,"isExternal":false},{"id":"q_tKJ2dKgNCS","name":"Sierra Leone","platform":"color","timestamp":1571648581,"url":"/icon/q_tKJ2dKgNCS/sierra-leone","commonId":"WeCdaJpoSyER","commonName":"sierra-leone-circular","category":"Flags","isColor":true,"isAnimated":false,"free":false,"isExternal":false},{"id":"8H-8FMObN4vB","name":"Singapore","platform":"color","timestamp":1571648587,"url":"/icon/8H-8FMObN4vB/singapore","commonId":"1DWumXXFf419","commonName":"singapore-circular","category":"Flags","isColor":true,"isAnimated":false,"free":false,"isExternal":false},{"id":"CdX-AULqrk-w","name":"Slovakia","platform":"color","timestamp":1571648588,"url":"/icon/CdX-AULqrk-w/slovakia","commonId":"asduGech1_Jt","commonName":"slovakia-circular","category":"Flags","isColor":true,"isAnimated":false,"free":false,"isExternal":false},{"id":"iKIlcRVH3H6z","name":"Slovenia","platform":"color","timestamp":1571648589,"url":"/icon/iKIlcRVH3H6z/slovenia","commonId":"QSCcCJq8mLI2","commonName":"slovenia-circular","category":"Flags","isColor":true,"isAnimated":false,"free":false,"isExternal":false},{"id":"cd8ieVhZx85q","name":"Solomon Islands Circular","platform":"color","timestamp":1644569370,"url":"/icon/cd8ieVhZx85q/solomon-islands-circular","commonId":"lAqI1JcRbZ99","commonName":"solomon-islands-circular","category":"Flags","isColor":true,"isAnimated":false,"free":false,"isExternal":false},{"id":"ie-Jvd_hePVI","name":"Somalia","platform":"color","timestamp":1571648589,"url":"/icon/ie-Jvd_hePVI/somalia","commonId":"G4T-_pRQmyek","commonName":"somalia-circular","category":"Flags","isColor":true,"isAnimated":false,"free":false,"isExternal":false},{"id":"PcHqMrKoVGqn","name":"South Africa","platform":"color","timestamp":1571648590,"url":"/icon/PcHqMrKoVGqn/south-africa","commonId":"vurwalKwDkAT","commonName":"south-africa-circular","category":"Flags","isColor":true,"isAnimated":false,"free":false,"isExternal":false},{"id":"phJPKUUlbfvP","name":"South Georgia And The South Sandwich Islands Circular","platform":"color","timestamp":1644569373,"url":"/icon/phJPKUUlbfvP/south-georgia-and-the-south-sandwich-islands-circular","commonId":"hhZ1XyeN9trO","commonName":"south-georgia-and-the-south-sandwich-islands-circular","category":"Flags","isColor":true,"isAnimated":false,"free":false,"isExternal":false},{"id":"-_RS8ho736Fs","name":"South Korea","platform":"color","timestamp":1571648596,"url":"/icon/-_RS8ho736Fs/south-korea","commonId":"Uvm9IB6WQZwu","commonName":"south-korea-circular","category":"Flags","isColor":true,"isAnimated":false,"free":false,"isExternal":false},{"id":"fqhGaM-g5QS-","name":"South Sudan","platform":"color","timestamp":1571648602,"url":"/icon/fqhGaM-g5QS-/south-sudan","commonId":"Ohm98NuV4kYj","commonName":"south-sudan-circular","category":"Flags","isColor":true,"isAnimated":false,"free":false,"isExternal":false},{"id":"MRQWA3gxIrCt","name":"Spain","platform":"color","timestamp":1571649052,"url":"/icon/MRQWA3gxIrCt/spain","commonId":"CAXh-Xdxjl0J","commonName":"spain-circular","category":"Flags","isColor":true,"isAnimated":false,"free":false,"isExternal":false},{"id":"ly7tzANRt33n","name":"Spain","platform":"color","timestamp":1571648605,"url":"/icon/ly7tzANRt33n/spain","commonId":"1e-i1VjNXkUF","commonName":"spain2-circular","category":"Flags","isColor":true,"isAnimated":false,"free":false,"isExternal":false},{"id":"B69XhCQwU8Bl","name":"Sri Lanka","platform":"color","timestamp":1571649054,"url":"/icon/B69XhCQwU8Bl/sri-lanka","commonId":"IlN3OluPECED","commonName":"sri-lanka-circular","category":"Flags","isColor":true,"isAnimated":false,"free":false,"isExternal":false},{"id":"bfrJSpHDq8rY","name":"Sudan Circular","platform":"color","timestamp":1644569375,"url":"/icon/bfrJSpHDq8rY/sudan-circular","commonId":"2NXlzvtYzxoq","commonName":"sudan-circular","category":"Flags","isColor":true,"isAnimated":false,"free":false,"isExternal":false},{"id":"rZ57ejHb0HmL","name":"Suriname Circular","platform":"color","timestamp":1644569362,"url":"/icon/rZ57ejHb0HmL/suriname-circular","commonId":"iG72C2FY6d83","commonName":"suriname-circular","category":"Flags","isColor":true,"isAnimated":false,"free":false,"isExternal":false},{"id":"b27t5lVoMbUf","name":"Swaziland","platform":"color","timestamp":1571649076,"url":"/icon/b27t5lVoMbUf/swaziland","commonId":"1XOTiK2N9Jp8","commonName":"swaziland-circular","category":"Flags","isColor":true,"isAnimated":false,"free":false,"isExternal":false},{"id":"9xpP2ODLxdJg","name":"Sweden","platform":"color","timestamp":1571649078,"url":"/icon/9xpP2ODLxdJg/sweden","commonId":"NbFZh1YkUddL","commonName":"sweden-circular","category":"Flags","isColor":true,"isAnimated":false,"free":false,"isExternal":false}]}]}}