{"success":true,"category":{"code":"flags","name":"Flags","share_url":"http://ic8.link/flags","share_preview":"https://maxcdn.icons8.com/Share/category/flags.png","subcategory":[{"code":"circular-flags","name":"Circular Flags","description":"","icons":[{"id":"suxQg9He2_m5","name":"Switzerland","platform":"color","timestamp":1571649088,"url":"/icon/suxQg9He2_m5/switzerland","commonId":"K7RyreCBzAOB","commonName":"switzerland-circular","category":"Flags","isColor":true,"isAnimated":false,"free":false,"isExternal":false},{"id":"7VwKIiIiHg2x","name":"Syria","platform":"color","timestamp":1571649114,"url":"/icon/7VwKIiIiHg2x/syria","commonId":"R2jFwc6TW1vI","commonName":"syria-circular","category":"Flags","isColor":true,"isAnimated":false,"free":false,"isExternal":false},{"id":"okRCnCPe6pzL","name":"Tajikistan","platform":"color","timestamp":1571649115,"url":"/icon/okRCnCPe6pzL/tajikistan","commonId":"aXw1li9y0r_j","commonName":"tajikistan-circular","category":"Flags","isColor":true,"isAnimated":false,"free":false,"isExternal":false},{"id":"1ZDex9dMvi8E","name":"Tanzania","platform":"color","timestamp":1571649116,"url":"/icon/1ZDex9dMvi8E/tanzania","commonId":"c7qISv0R3gsQ","commonName":"tanzania-circular","category":"Flags","isColor":true,"isAnimated":false,"free":false,"isExternal":false},{"id":"IWVDTvmUNsig","name":"Thailand","platform":"color","timestamp":1571649117,"url":"/icon/IWVDTvmUNsig/thailand","commonId":"R9XkiwWY9voP","commonName":"thailand-circular","category":"Flags","isColor":true,"isAnimated":false,"free":false,"isExternal":false},{"id":"PArnLXIIVugc","name":"The Republic Of Haiti","platform":"color","timestamp":1571649125,"url":"/icon/PArnLXIIVugc/the-republic-of-haiti","commonId":"jMNhhKA47ofY","commonName":"the-republic-of-haiti-circular","category":"Flags","isColor":true,"isAnimated":false,"free":false,"isExternal":false},{"id":"it3WMr6AUF3O","name":"Timor Leste","platform":"color","timestamp":1571649131,"url":"/icon/it3WMr6AUF3O/timor-leste","commonId":"Tnqfjgbbn44x","commonName":"timor-leste-circular","category":"Flags","isColor":true,"isAnimated":false,"free":false,"isExternal":false},{"id":"n71SRKWR8KGo","name":"Togo","platform":"color","timestamp":1571649132,"url":"/icon/n71SRKWR8KGo/togo","commonId":"KwWnRwbiPjzw","commonName":"togo-circular","category":"Flags","isColor":true,"isAnimated":false,"free":false,"isExternal":false},{"id":"skFfIQC2z19n","name":"Tokelau Circular","platform":"color","timestamp":1644569501,"url":"/icon/skFfIQC2z19n/tokelau-circular","commonId":"6eVC8OmUJ8le","commonName":"tokelau-circular","category":"Flags","isColor":true,"isAnimated":false,"free":false,"isExternal":false},{"id":"qu9s4KFqQtsD","name":"Tonga Circular","platform":"color","timestamp":1644569502,"url":"/icon/qu9s4KFqQtsD/tonga-circular","commonId":"eyqAxg8t8QpN","commonName":"tonga-circular","category":"Flags","isColor":true,"isAnimated":false,"free":false,"isExternal":false},{"id":"7rfS9WX35rzq","name":"Trinidad And Tobago","platform":"color","timestamp":1571649132,"url":"/icon/7rfS9WX35rzq/trinidad-and-tobago","commonId":"zVhe84p1BI--","commonName":"trinidad-and-tobago-circular","category":"Flags","isColor":true,"isAnimated":false,"free":false,"isExternal":false},{"id":"qS_AfQ-NYTt5","name":"Tunisia","platform":"color","timestamp":1571649148,"url":"/icon/qS_AfQ-NYTt5/tunisia","commonId":"PdC-V0LQdlqb","commonName":"tunisia-circular","category":"Flags","isColor":true,"isAnimated":false,"free":false,"isExternal":false},{"id":"7PhX5XSLeDb9","name":"Turkey","platform":"color","timestamp":1571649159,"url":"/icon/7PhX5XSLeDb9/turkey","commonId":"RmOeXrzB63HW","commonName":"turkey-circular","category":"Flags","isColor":true,"isAnimated":false,"free":false,"isExternal":false},{"id":"cdyzFO1PDUqR","name":"Turkmenistan Circular","platform":"color","timestamp":1644569503,"url":"/icon/cdyzFO1PDUqR/turkmenistan-circular","commonId":"BUsOW2cHFXdY","commonName":"turkmenistan-circular","category":"Flags","isColor":true,"isAnimated":false,"free":false,"isExternal":false},{"id":"HbDOVGkbFWdA","name":"Turks And Caicos Islands Circular","platform":"color","timestamp":1644569506,"url":"/icon/HbDOVGkbFWdA/turks-and-caicos-islands-circular","commonId":"t29C6RO3shZL","commonName":"turks-and-caicos-islands-circular","category":"Flags","isColor":true,"isAnimated":false,"free":false,"isExternal":false},{"id":"NvyMJNvrhafy","name":"Tuvalu Circular","platform":"color","timestamp":1644569507,"url":"/icon/NvyMJNvrhafy/tuvalu-circular","commonId":"8mPYMkzfMhxq","commonName":"tuvalu-circular","category":"Flags","isColor":true,"isAnimated":false,"free":false,"isExternal":false},{"id":"y2c0G0nj55Em","name":"Uganda","platform":"color","timestamp":1571649161,"url":"/icon/y2c0G0nj55Em/uganda","commonId":"hy38888bewKh","commonName":"uganda-circular","category":"Flags","isColor":true,"isAnimated":false,"free":false,"isExternal":false},{"id":"gQX_1V3gMShc","name":"Ukraine","platform":"color","timestamp":1571649167,"url":"/icon/gQX_1V3gMShc/ukraine","commonId":"bI-doP0ofSq8","commonName":"ukraine-circular","category":"Flags","isColor":true,"isAnimated":false,"free":false,"isExternal":false},{"id":"NA7wq_gDd9d7","name":"United Arab Emirates","platform":"color","timestamp":1571649168,"url":"/icon/NA7wq_gDd9d7/united-arab-emirates","commonId":"AXLUtrQd5Cy4","commonName":"united-arab-emirates-circular","category":"Flags","isColor":true,"isAnimated":false,"free":false,"isExternal":false},{"id":"ML17bZRDVeOW","name":"United States Virgin Islands Circular","platform":"color","timestamp":1644569510,"url":"/icon/ML17bZRDVeOW/united-states-virgin-islands-circular","commonId":"9EQyarCA6xkC","commonName":"united-states-virgin-islands-circular","category":"Flags","isColor":true,"isAnimated":false,"free":false,"isExternal":false},{"id":"AoJYTplAACnu","name":"Uruguay","platform":"color","timestamp":1571649179,"url":"/icon/AoJYTplAACnu/uruguay","commonId":"0DdAjlSqXDWP","commonName":"uruguay-circular","category":"Flags","isColor":true,"isAnimated":false,"free":false,"isExternal":false},{"id":"aRiu1GGi6Aoe","name":"Usa","platform":"color","timestamp":1571649190,"url":"/icon/aRiu1GGi6Aoe/usa","commonId":"mGDJXWjyvDYk","commonName":"usa-circular","category":"Flags","isColor":true,"isAnimated":false,"free":false,"isExternal":false},{"id":"Aes1xES-uBtq","name":"Ussr","platform":"color","timestamp":1571649355,"url":"/icon/Aes1xES-uBtq/ussr","commonId":"W2eg3pvbDr9Q","commonName":"ussr-circular","category":"Flags","isColor":true,"isAnimated":false,"free":false,"isExternal":false},{"id":"L-33ZvTHqNhm","name":"Uzbekistan","platform":"color","timestamp":1571649356,"url":"/icon/L-33ZvTHqNhm/uzbekistan","commonId":"c7z4jZQl1hkA","commonName":"uzbekistan-circular","category":"Flags","isColor":true,"isAnimated":false,"free":false,"isExternal":false},{"id":"YbI8iK4jUOIb","name":"Vanuatu Circular","platform":"color","timestamp":1644569511,"url":"/icon/YbI8iK4jUOIb/vanuatu-circular","commonId":"755elPrqTkQE","commonName":"vanuatu-circular","category":"Flags","isColor":true,"isAnimated":false,"free":false,"isExternal":false},{"id":"V1OdwA1BTV0V","name":"Vatican City Circular","platform":"color","timestamp":1644569496,"url":"/icon/V1OdwA1BTV0V/vatican-city-circular","commonId":"CStIS0eBjKaO","commonName":"vatican-city-circular","category":"Flags","isColor":true,"isAnimated":false,"free":false,"isExternal":false},{"id":"DEL9dlQO-8of","name":"Venezuela","platform":"color","timestamp":1571649336,"url":"/icon/DEL9dlQO-8of/venezuela","commonId":"8gnAujfLEdn-","commonName":"venezuela-circular","category":"Flags","isColor":true,"isAnimated":false,"free":false,"isExternal":false},{"id":"2egPD0I7yi4-","name":"Vietnam","platform":"color","timestamp":1571649342,"url":"/icon/2egPD0I7yi4-/vietnam","commonId":"8UFHR6HbhzQq","commonName":"vietnam-circular","category":"Flags","isColor":true,"isAnimated":false,"free":false,"isExternal":false},{"id":"yRLhnX3IjXT3","name":"Western Sahara Circular","platform":"color","timestamp":1644569497,"url":"/icon/yRLhnX3IjXT3/western-sahara-circular","commonId":"5udSajL8OOGg","commonName":"western-sahara-circular","category":"Flags","isColor":true,"isAnimated":false,"free":false,"isExternal":false},{"id":"zFOCbkMd5a6c","name":"Yemen","platform":"color","timestamp":1571649343,"url":"/icon/zFOCbkMd5a6c/yemen","commonId":"9rgoI55sGgN0","commonName":"yemen-circular","category":"Flags","isColor":true,"isAnimated":false,"free":false,"isExternal":false},{"id":"ksPOKvpg8jLY","name":"Zambia Circular","platform":"color","timestamp":1644569499,"url":"/icon/ksPOKvpg8jLY/zambia-circular","commonId":"RfTjlwW8lW6a","commonName":"zambia-circular","category":"Flags","isColor":true,"isAnimated":false,"free":false,"isExternal":false},{"id":"ed3oB4NbitX4","name":"Zimbabwe","platform":"color","timestamp":1571649354,"url":"/icon/ed3oB4NbitX4/zimbabwe","commonId":"fa0BOwzmXnOS","commonName":"zimbabwe-circular","category":"Flags","isColor":true,"isAnimated":false,"free":false,"isExternal":false}]},{"code":"flags-of-countries","name":"Flags of Countries","description":"","icons":[{"id":"DuKhrC6JtZBv","name":"Aland Islands","platform":"color","timestamp":1644480148,"url":"/icon/DuKhrC6JtZBv/aland-islands","commonId":"TTZmhqabxrLM","commonName":"aland-islands","category":"Flags","isColor":true,"isAnimated":false,"free":false,"isExternal":false},{"id":"w0bwtq9kIv2K","name":"Albania","platform":"color","timestamp":1644480122,"url":"/icon/w0bwtq9kIv2K/albania","commonId":"p2VuhSjpRsmi","commonName":"albania","category":"Flags","isColor":true,"isAnimated":false,"free":false,"isExternal":false},{"id":"22434","name":"Algeria","platform":"color","timestamp":1458051506,"url":"/icon/22434/algeria","commonId":"9709","commonName":"algeria","category":"Flags","isColor":true,"isAnimated":false,"free":false,"isExternal":false},{"id":"15494","name":"Andorra","platform":"color","timestamp":1436464221,"url":"/icon/15494/andorra","commonId":"8628","commonName":"andorra","category":"Flags","isColor":true,"isAnimated":false,"free":false,"isExternal":false},{"id":"60239","name":"Angola","platform":"color","timestamp":1506169155,"url":"/icon/60239/angola","commonId":"13242","commonName":"angola","category":"Flags","isColor":true,"isAnimated":false,"free":false,"isExternal":false},{"id":"AsvDZPnZmVJ4","name":"Anguilla","platform":"color","timestamp":1644480129,"url":"/icon/AsvDZPnZmVJ4/anguilla","commonId":"FvHZzEEV22Uq","commonName":"anguilla","category":"Flags","isColor":true,"isAnimated":false,"free":false,"isExternal":false},{"id":"vEjJKmstVnn2","name":"Antarctica","platform":"color","timestamp":1644480130,"url":"/icon/vEjJKmstVnn2/antarctica","commonId":"U8VERbw8dAiU","commonName":"antarctica","category":"Flags","isColor":true,"isAnimated":false,"free":false,"isExternal":false},{"id":"kCkJYh2i4Gsl","name":"Antigua and Barbuda","platform":"color","timestamp":1596614127,"url":"/icon/kCkJYh2i4Gsl/antigua-and-barbuda","commonId":"bxOf48u6qJTT","commonName":"antigua-and-barbuda","category":"Flags","isColor":true,"isAnimated":false,"free":false,"isExternal":false},{"id":"32585","name":"Argentina","platform":"color","timestamp":1469092334,"url":"/icon/32585/argentina","commonId":"10327","commonName":"argentina","category":"Flags","isColor":true,"isAnimated":false,"free":false,"isExternal":false},{"id":"15516","name":"Armenia","platform":"color","timestamp":1436464222,"url":"/icon/15516/armenia","commonId":"8650","commonName":"armenia","category":"Flags","isColor":true,"isAnimated":false,"free":false,"isExternal":false},{"id":"wYoSUzCZEJ9J","name":"Aruba","platform":"color","timestamp":1644480132,"url":"/icon/wYoSUzCZEJ9J/aruba","commonId":"qBuU2mLybgDt","commonName":"aruba","category":"Flags","isColor":true,"isAnimated":false,"free":false,"isExternal":false},{"id":"22557","name":"Australia","platform":"color","timestamp":1458410647,"url":"/icon/22557/australia","commonId":"9734","commonName":"australia-flag--v1","category":"Flags","isColor":true,"isAnimated":false,"free":false,"isExternal":false},{"id":"15506","name":"Austria","platform":"color","timestamp":1436464221,"url":"/icon/15506/austria","commonId":"8640","commonName":"austria","category":"Flags","isColor":true,"isAnimated":false,"free":false,"isExternal":false},{"id":"37261","name":"Azerbaijan","platform":"color","timestamp":1477415901,"url":"/icon/37261/azerbaijan","commonId":"11078","commonName":"azerbaijan","category":"Flags","isColor":true,"isAnimated":false,"free":false,"isExternal":false},{"id":"15510","name":"Bahamas","platform":"color","timestamp":1436464222,"url":"/icon/15510/bahamas","commonId":"8644","commonName":"bahamas","category":"Flags","isColor":true,"isAnimated":false,"free":false,"isExternal":false},{"id":"euQ4OidKKNXY","name":"Bahrain","platform":"color","timestamp":1644480132,"url":"/icon/euQ4OidKKNXY/bahrain","commonId":"0VSGp8OaRbUq","commonName":"bahrain","category":"Flags","isColor":true,"isAnimated":false,"free":false,"isExternal":false},{"id":"60238","name":"Bangladesh","platform":"color","timestamp":1506169155,"url":"/icon/60238/bangladesh","commonId":"13240","commonName":"bangladesh","category":"Flags","isColor":true,"isAnimated":false,"free":false,"isExternal":false},{"id":"15498","name":"Barbados","platform":"color","timestamp":1436464221,"url":"/icon/15498/barbados","commonId":"8632","commonName":"barbados","category":"Flags","isColor":true,"isAnimated":false,"free":false,"isExternal":false},{"id":"15503","name":"Belarus","platform":"color","timestamp":1436464221,"url":"/icon/15503/belarus","commonId":"8637","commonName":"belarus","category":"Flags","isColor":true,"isAnimated":false,"free":false,"isExternal":false},{"id":"15514","name":"Belgium","platform":"color","timestamp":1436464222,"url":"/icon/15514/belgium","commonId":"8648","commonName":"belgium","category":"Flags","isColor":true,"isAnimated":false,"free":false,"isExternal":false},{"id":"ipdh6Y5H5kIl","name":"Belize","platform":"color","timestamp":1644480135,"url":"/icon/ipdh6Y5H5kIl/belize","commonId":"xg83RkfuU09q","commonName":"belize","category":"Flags","isColor":true,"isAnimated":false,"free":false,"isExternal":false},{"id":"15518","name":"Benin","platform":"color","timestamp":1436464222,"url":"/icon/15518/benin","commonId":"8652","commonName":"benin","category":"Flags","isColor":true,"isAnimated":false,"free":false,"isExternal":false},{"id":"HVPtpMUeEKbt","name":"Bermuda","platform":"color","timestamp":1644480143,"url":"/icon/HVPtpMUeEKbt/bermuda","commonId":"xVjTYZTXjvJm","commonName":"bermuda","category":"Flags","isColor":true,"isAnimated":false,"free":false,"isExternal":false},{"id":"EG9mOYXZbTQ6","name":"Bhutan","platform":"color","timestamp":1644480146,"url":"/icon/EG9mOYXZbTQ6/bhutan","commonId":"DkIXCB1rYKB5","commonName":"bhutan","category":"Flags","isColor":true,"isAnimated":false,"free":false,"isExternal":false},{"id":"15499","name":"Bolivia","platform":"color","timestamp":1436464221,"url":"/icon/15499/bolivia","commonId":"8633","commonName":"bolivia","category":"Flags","isColor":true,"isAnimated":false,"free":false,"isExternal":false},{"id":"15504","name":"Bosnia and Herzegovina","platform":"color","timestamp":1436464221,"url":"/icon/15504/bosnia-and-herzegovina","commonId":"8638","commonName":"bosnia-and-herzegovina","category":"Flags","isColor":true,"isAnimated":false,"free":false,"isExternal":false},{"id":"15519","name":"Botswana","platform":"color","timestamp":1436464222,"url":"/icon/15519/botswana","commonId":"8653","commonName":"botswana","category":"Flags","isColor":true,"isAnimated":false,"free":false,"isExternal":false},{"id":"15509","name":"Brazil","platform":"color","timestamp":1436464222,"url":"/icon/15509/brazil","commonId":"8643","commonName":"brazil","category":"Flags","isColor":true,"isAnimated":false,"free":false,"isExternal":false},{"id":"3SVMr3aFEaFk","name":"British Indian Ocean Territory","platform":"color","timestamp":1644568492,"url":"/icon/3SVMr3aFEaFk/british-indian-ocean-territory","commonId":"H5pnnJZAzE9h","commonName":"british-indian-ocean-territory","category":"Flags","isColor":true,"isAnimated":false,"free":false,"isExternal":false},{"id":"NGz2i9wPCgs2","name":"British Virgin Islands","platform":"color","timestamp":1644568495,"url":"/icon/NGz2i9wPCgs2/british-virgin-islands","commonId":"h8vUMhHl03zu","commonName":"british-virgin-islands","category":"Flags","isColor":true,"isAnimated":false,"free":false,"isExternal":false},{"id":"j8AsAniVuzYv","name":"Brunei Darussalam","platform":"color","timestamp":1644568498,"url":"/icon/j8AsAniVuzYv/brunei-darussalam","commonId":"13yXNWiYULzp","commonName":"brunei-darussalam","category":"Flags","isColor":true,"isAnimated":false,"free":false,"isExternal":false},{"id":"15496","name":"Bulgaria","platform":"color","timestamp":1436464221,"url":"/icon/15496/bulgaria","commonId":"8630","commonName":"bulgaria","category":"Flags","isColor":true,"isAnimated":false,"free":false,"isExternal":false},{"id":"15508","name":"Burkina Faso","platform":"color","timestamp":1436464221,"url":"/icon/15508/burkina-faso","commonId":"8642","commonName":"burkina-faso","category":"Flags","isColor":true,"isAnimated":false,"free":false,"isExternal":false},{"id":"60218","name":"Burundi","platform":"color","timestamp":1506104638,"url":"/icon/60218/burundi","commonId":"13221","commonName":"burundi","category":"Flags","isColor":true,"isAnimated":false,"free":false,"isExternal":false},{"id":"2ui1n4CYeion","name":"Cambodia","platform":"color","timestamp":1644568501,"url":"/icon/2ui1n4CYeion/cambodia","commonId":"ieZ436k8Qnyb","commonName":"cambodia","category":"Flags","isColor":true,"isAnimated":false,"free":false,"isExternal":false},{"id":"15515","name":"Cameroon","platform":"color","timestamp":1436464222,"url":"/icon/15515/cameroon","commonId":"8649","commonName":"cameroon","category":"Flags","isColor":true,"isAnimated":false,"free":false,"isExternal":false},{"id":"15512","name":"Canada","platform":"color","timestamp":1436464222,"url":"/icon/15512/canada","commonId":"8646","commonName":"canada","category":"Flags","isColor":true,"isAnimated":false,"free":false,"isExternal":false},{"id":"TZg3yeULSOUA","name":"Cape Verde","platform":"color","timestamp":1597654164,"url":"/icon/TZg3yeULSOUA/cape-verde","commonId":"5T2698Dydt5s","commonName":"cape-verde","category":"Flags","isColor":true,"isAnimated":false,"free":false,"isExternal":false},{"id":"qRmogYwpS4Lb","name":"Catalonia Flag","platform":"color","timestamp":1664300516,"url":"/icon/qRmogYwpS4Lb/catalonia-flag","commonId":"hCwxUaQXouCx","commonName":"catalonia-flag","category":"Flags","isColor":true,"isAnimated":false,"free":false,"isExternal":false},{"id":"bbw7psYVkbS5","name":"Cayman Islands","platform":"color","timestamp":1644568504,"url":"/icon/bbw7psYVkbS5/cayman-islands","commonId":"QyI7HhKNrbSV","commonName":"Cayman-islands","category":"Flags","isColor":true,"isAnimated":false,"free":false,"isExternal":false},{"id":"j3Q7wutnaWZK","name":"Central African Republic","platform":"color","timestamp":1644568510,"url":"/icon/j3Q7wutnaWZK/central-african-republic","commonId":"EN9FwHlRw0oi","commonName":"central-african-republic","category":"Flags","isColor":true,"isAnimated":false,"free":false,"isExternal":false},{"id":"15507","name":"Chad","platform":"color","timestamp":1436464221,"url":"/icon/15507/chad","commonId":"8641","commonName":"chad","category":"Flags","isColor":true,"isAnimated":false,"free":false,"isExternal":false},{"id":"15505","name":"Chile","platform":"color","timestamp":1436464221,"url":"/icon/15505/chile","commonId":"8639","commonName":"chile","category":"Flags","isColor":true,"isAnimated":false,"free":false,"isExternal":false},{"id":"17962","name":"China","platform":"color","timestamp":1443541830,"url":"/icon/17962/china","commonId":"9110","commonName":"china","category":"Flags","isColor":true,"isAnimated":false,"free":false,"isExternal":false},{"id":"1nR9rRhFc10T","name":"Christmas Island","platform":"color","timestamp":1644568486,"url":"/icon/1nR9rRhFc10T/christmas-island","commonId":"Oebw127y19Sg","commonName":"christmas-island","category":"Flags","isColor":true,"isAnimated":false,"free":false,"isExternal":false},{"id":"QZ9kqVXpYyIz","name":"Cocos Keeling Islands","platform":"color","timestamp":1644568487,"url":"/icon/QZ9kqVXpYyIz/cocos-keeling-islands","commonId":"McHzU7csmyXs","commonName":"cocos-keeling-islands","category":"Flags","isColor":true,"isAnimated":false,"free":false,"isExternal":false},{"id":"15495","name":"Colombia","platform":"color","timestamp":1436464221,"url":"/icon/15495/colombia","commonId":"8629","commonName":"colombia","category":"Flags","isColor":true,"isAnimated":false,"free":false,"isExternal":false},{"id":"f0GejpzfFgNw","name":"Comoros","platform":"color","timestamp":1644568488,"url":"/icon/f0GejpzfFgNw/comoros","commonId":"0mDjIoAtuJ0c","commonName":"comoros","category":"Flags","isColor":true,"isAnimated":false,"free":false,"isExternal":false},{"id":"15517","name":"Congo","platform":"color","timestamp":1436464222,"url":"/icon/15517/congo","commonId":"8651","commonName":"congo","category":"Flags","isColor":true,"isAnimated":false,"free":false,"isExternal":false},{"id":"AroFzXZfBoH9","name":"Cook Islands","platform":"color","timestamp":1644568490,"url":"/icon/AroFzXZfBoH9/cook-islands","commonId":"zlTzqe8uHFpm","commonName":"cook-islands","category":"Flags","isColor":true,"isAnimated":false,"free":false,"isExternal":false},{"id":"37264","name":"Costa Rica","platform":"color","timestamp":1477415901,"url":"/icon/37264/costa-rica","commonId":"11081","commonName":"costa-rica","category":"Flags","isColor":true,"isAnimated":false,"free":false,"isExternal":false},{"id":"32577","name":"Croatia","platform":"color","timestamp":1469092314,"url":"/icon/32577/croatia","commonId":"10323","commonName":"croatia","category":"Flags","isColor":true,"isAnimated":false,"free":false,"isExternal":false},{"id":"37263","name":"Cuba","platform":"color","timestamp":1477415901,"url":"/icon/37263/cuba","commonId":"11080","commonName":"cuba","category":"Flags","isColor":true,"isAnimated":false,"free":false,"isExternal":false},{"id":"tBCuVzIJAF4Y","name":"Curaao","platform":"color","timestamp":1644568783,"url":"/icon/tBCuVzIJAF4Y/curaao","commonId":"g9KCsH3UGapl","commonName":"curaao","category":"Flags","isColor":true,"isAnimated":false,"free":false,"isExternal":false},{"id":"103739","name":"Cyprus","platform":"color","timestamp":1542200706,"url":"/icon/103739/cyprus","commonId":"21962","commonName":"cyprus","category":"Flags","isColor":true,"isAnimated":false,"free":false,"isExternal":false},{"id":"15513","name":"Czech Republic","platform":"color","timestamp":1436464222,"url":"/icon/15513/czech-republic","commonId":"8647","commonName":"czech-republic","category":"Flags","isColor":true,"isAnimated":false,"free":false,"isExternal":false},{"id":"TJiAcnTMMuJ5","name":"Democratic Republic Congo","platform":"color","timestamp":1644568785,"url":"/icon/TJiAcnTMMuJ5/democratic-republic-congo","commonId":"MZATK27NDS6w","commonName":"democratic-republic-congo","category":"Flags","isColor":true,"isAnimated":false,"free":false,"isExternal":false},{"id":"15520","name":"Denmark","platform":"color","timestamp":1436464222,"url":"/icon/15520/denmark","commonId":"8654","commonName":"denmark","category":"Flags","isColor":true,"isAnimated":false,"free":false,"isExternal":false},{"id":"60216","name":"Djibouti","platform":"color","timestamp":1506104638,"url":"/icon/60216/djibouti","commonId":"13223","commonName":"djibout","category":"Flags","isColor":true,"isAnimated":false,"free":false,"isExternal":false},{"id":"FCOn855aBGcF","name":"Dominica","platform":"color","timestamp":1644568786,"url":"/icon/FCOn855aBGcF/dominica","commonId":"3kawW7FSdKUK","commonName":"dominica","category":"Flags","isColor":true,"isAnimated":false,"free":false,"isExternal":false},{"id":"37270","name":"Dominican Republic","platform":"color","timestamp":1477415902,"url":"/icon/37270/dominican-republic","commonId":"11087","commonName":"dominican-republic","category":"Flags","isColor":true,"isAnimated":false,"free":false,"isExternal":false},{"id":"37273","name":"Ecuador","platform":"color","timestamp":1477417089,"url":"/icon/37273/ecuador","commonId":"11090","commonName":"ehcuador","category":"Flags","isColor":true,"isAnimated":false,"free":false,"isExternal":false},{"id":"15521","name":"Egypt","platform":"color","timestamp":1436464222,"url":"/icon/15521/egypt","commonId":"8655","commonName":"egypt","category":"Flags","isColor":true,"isAnimated":false,"free":false,"isExternal":false},{"id":"37272","name":"El Salvador","platform":"color","timestamp":1477415909,"url":"/icon/37272/el-salvador","commonId":"11089","commonName":"el-salvador","category":"Flags","isColor":true,"isAnimated":false,"free":false,"isExternal":false},{"id":"QWVCess3E22Y","name":"Equatorial Guinea","platform":"color","timestamp":1644568790,"url":"/icon/QWVCess3E22Y/equatorial-guinea","commonId":"ZzV6gIDwKe2W","commonName":"equatorial-guinea","category":"Flags","isColor":true,"isAnimated":false,"free":false,"isExternal":false},{"id":"60217","name":"Eritrea","platform":"color","timestamp":1506104638,"url":"/icon/60217/eritrea","commonId":"13224","commonName":"eritrea","category":"Flags","isColor":true,"isAnimated":false,"free":false,"isExternal":false},{"id":"bcwQm25Fwvxw","name":"Esperanto Flag","platform":"color","timestamp":1650346003,"url":"/icon/bcwQm25Fwvxw/esperanto-flag","commonId":"I6nD7eWRTQ2C","commonName":"esperanto-flag","category":"Flags","isColor":true,"isAnimated":false,"free":false,"isExternal":false},{"id":"15500","name":"Estonia","platform":"color","timestamp":1436464221,"url":"/icon/15500/estonia","commonId":"8634","commonName":"estonia","category":"Flags","isColor":true,"isAnimated":false,"free":false,"isExternal":false}]}]}}