{"success":true,"category":{"code":"flags","name":"Flags","share_url":"http://ic8.link/flags","share_preview":"https://maxcdn.icons8.com/Share/category/flags.png","subcategory":[{"code":"flags-of-countries","name":"Flags of Countries","description":"","icons":[{"id":"60226","name":"Ethiopia","platform":"color","timestamp":1506110425,"url":"/icon/60226/ethiopia","commonId":"13233","commonName":"ethiopia","category":"Flags","isColor":true,"isAnimated":false,"free":false,"isExternal":false},{"id":"i4kE3rz6s5wP","name":"Falkland Islands","platform":"color","timestamp":1644568791,"url":"/icon/i4kE3rz6s5wP/falkland-islands","commonId":"71PcnQIUNafp","commonName":"falkland-islands","category":"Flags","isColor":true,"isAnimated":false,"free":false,"isExternal":false},{"id":"CfuSTSqiARqX","name":"Faroe Islands","platform":"color","timestamp":1644568794,"url":"/icon/CfuSTSqiARqX/faroe-islands","commonId":"HoawzsXyON3j","commonName":"faroe-islands","category":"Flags","isColor":true,"isAnimated":false,"free":false,"isExternal":false},{"id":"IXbBWmVYEWtS","name":"Fiji","platform":"color","timestamp":1644568796,"url":"/icon/IXbBWmVYEWtS/fiji","commonId":"OiKYZPoIuxxf","commonName":"fiji","category":"Flags","isColor":true,"isAnimated":false,"free":false,"isExternal":false},{"id":"15511","name":"Finland","platform":"color","timestamp":1436464222,"url":"/icon/15511/finland","commonId":"8645","commonName":"finland","category":"Flags","isColor":true,"isAnimated":false,"free":false,"isExternal":false},{"id":"hTW-QzaCtJ0L","name":"Flag of Afghanistan","platform":"color","timestamp":1570022551,"url":"/icon/hTW-QzaCtJ0L/flag-of-afghanistan","commonId":"23041","commonName":"flag-of-afghanistan","category":"Flags","isColor":true,"isAnimated":false,"free":false,"isExternal":false},{"id":"15497","name":"France","platform":"color","timestamp":1436464221,"url":"/icon/15497/france","commonId":"8631","commonName":"france","category":"Flags","isColor":true,"isAnimated":false,"free":false,"isExternal":false},{"id":"pLgnTSGMrQVb","name":"French Polynesia","platform":"color","timestamp":1644568798,"url":"/icon/pLgnTSGMrQVb/french-polynesia","commonId":"0FAU2wdDVjKl","commonName":"french-polynesia","category":"Flags","isColor":true,"isAnimated":false,"free":false,"isExternal":false},{"id":"M0Lc7NLmgnlO","name":"French Southern Territories","platform":"color","timestamp":1644568800,"url":"/icon/M0Lc7NLmgnlO/french-southern-territories","commonId":"qfudiCcdqpuV","commonName":"french-southern-territories","category":"Flags","isColor":true,"isAnimated":false,"free":false,"isExternal":false},{"id":"15501","name":"Gabon","platform":"color","timestamp":1436464221,"url":"/icon/15501/gabon","commonId":"8635","commonName":"gabon","category":"Flags","isColor":true,"isAnimated":false,"free":false,"isExternal":false},{"id":"60240","name":"Gambia","platform":"color","timestamp":1506169155,"url":"/icon/60240/gambia","commonId":"13239","commonName":"gambia","category":"Flags","isColor":true,"isAnimated":false,"free":false,"isExternal":false},{"id":"AeJiAvL1abrG","name":"Georgia","platform":"color","timestamp":1644568801,"url":"/icon/AeJiAvL1abrG/georgia","commonId":"23468","commonName":"georgia--v2","category":"Flags","isColor":true,"isAnimated":false,"free":false,"isExternal":false},{"id":"120308","name":"Georgia","platform":"color","timestamp":1558478035,"url":"/icon/120308/georgia","commonId":"23468","commonName":"georgia--v1","category":"Flags","isColor":true,"isAnimated":false,"free":false,"isExternal":false},{"id":"15502","name":"Germany","platform":"color","timestamp":1436464221,"url":"/icon/15502/germany","commonId":"8636","commonName":"germany","category":"Flags","isColor":true,"isAnimated":false,"free":false,"isExternal":false},{"id":"yFbMXwkgAYtU","name":"Ghana","platform":"color","timestamp":1589870722,"url":"/icon/yFbMXwkgAYtU/ghana","commonId":"B003osZnJpS2","commonName":"ghana","category":"Flags","isColor":true,"isAnimated":false,"free":false,"isExternal":false},{"id":"vSMqHuH32GOZ","name":"Gibraltar","platform":"color","timestamp":1644568943,"url":"/icon/vSMqHuH32GOZ/gibraltar","commonId":"b1bp07XWUFVq","commonName":"gibraltar","category":"Flags","isColor":true,"isAnimated":false,"free":false,"isExternal":false},{"id":"15534","name":"Great Britain","platform":"color","timestamp":1436467817,"url":"/icon/15534/great-britain","commonId":"8667","commonName":"great-britain","category":"Flags","isColor":true,"isAnimated":false,"free":false,"isExternal":false},{"id":"32582","name":"Greece","platform":"color","timestamp":1469092333,"url":"/icon/32582/greece","commonId":"10324","commonName":"greece","category":"Flags","isColor":true,"isAnimated":false,"free":false,"isExternal":false},{"id":"ddWJTuuDAARM","name":"Greenland","platform":"color","timestamp":1644568944,"url":"/icon/ddWJTuuDAARM/greenland","commonId":"vECW2rvp3qEc","commonName":"greenland","category":"Flags","isColor":true,"isAnimated":false,"free":false,"isExternal":false},{"id":"4naTNEE0OuKM","name":"Grenada","platform":"color","timestamp":1644568945,"url":"/icon/4naTNEE0OuKM/grenada","commonId":"SHaZ6n1jtDkH","commonName":"grenada","category":"Flags","isColor":true,"isAnimated":false,"free":false,"isExternal":false},{"id":"llbOLsdT4H1p","name":"Guam","platform":"color","timestamp":1644568947,"url":"/icon/llbOLsdT4H1p/guam","commonId":"HNFZBKYVnLr8","commonName":"guam","category":"Flags","isColor":true,"isAnimated":false,"free":false,"isExternal":false},{"id":"37269","name":"Guatemala","platform":"color","timestamp":1477415902,"url":"/icon/37269/guatemala","commonId":"11086","commonName":"guatemala","category":"Flags","isColor":true,"isAnimated":false,"free":false,"isExternal":false},{"id":"IUHRA86ZrLLy","name":"Guernsey","platform":"color","timestamp":1644568950,"url":"/icon/IUHRA86ZrLLy/guernsey","commonId":"zby4FEnDqoMN","commonName":"guernsey","category":"Flags","isColor":true,"isAnimated":false,"free":false,"isExternal":false},{"id":"dpTrWGmEWKWs","name":"Guinea","platform":"color","timestamp":1644568951,"url":"/icon/dpTrWGmEWKWs/guinea","commonId":"q7ifUxHOjBQd","commonName":"guinea","category":"Flags","isColor":true,"isAnimated":false,"free":false,"isExternal":false},{"id":"60219","name":"Guinea Bissau","platform":"color","timestamp":1506104638,"url":"/icon/60219/guinea-bissau","commonId":"13225","commonName":"guinea-bissau","category":"Flags","isColor":true,"isAnimated":false,"free":false,"isExternal":false},{"id":"60225","name":"Guyana","platform":"color","timestamp":1506110425,"url":"/icon/60225/guyana","commonId":"13230","commonName":"guyana","category":"Flags","isColor":true,"isAnimated":false,"free":false,"isExternal":false},{"id":"37280","name":"Haiti Flag","platform":"color","timestamp":1477420458,"url":"/icon/37280/haiti-flag","commonId":"11096","commonName":"the-republic-of-haiti","category":"Flags","isColor":true,"isAnimated":false,"free":false,"isExternal":false},{"id":"60237","name":"Honduras","platform":"color","timestamp":1506169155,"url":"/icon/60237/honduras","commonId":"13241","commonName":"honduras","category":"Flags","isColor":true,"isAnimated":false,"free":false,"isExternal":false},{"id":"77707","name":"HongKong Flag","platform":"color","timestamp":1528377077,"url":"/icon/77707/hongkong-flag","commonId":"20493","commonName":"hongkong-flag","category":"Flags","isColor":true,"isAnimated":false,"free":false,"isExternal":false},{"id":"15535","name":"Hungary","platform":"color","timestamp":1436467817,"url":"/icon/15535/hungary","commonId":"8668","commonName":"hungary","category":"Flags","isColor":true,"isAnimated":false,"free":false,"isExternal":false},{"id":"15540","name":"Iceland","platform":"color","timestamp":1436467817,"url":"/icon/15540/iceland","commonId":"8673","commonName":"iceland","category":"Flags","isColor":true,"isAnimated":false,"free":false,"isExternal":false},{"id":"32584","name":"India","platform":"color","timestamp":1469092334,"url":"/icon/32584/india","commonId":"10326","commonName":"india","category":"Flags","isColor":true,"isAnimated":false,"free":false,"isExternal":false},{"id":"60248","name":"Indonesia","platform":"color","timestamp":1506176707,"url":"/icon/60248/indonesia","commonId":"13250","commonName":"indonesia","category":"Flags","isColor":true,"isAnimated":false,"free":false,"isExternal":false},{"id":"17963","name":"Iran","platform":"color","timestamp":1443541843,"url":"/icon/17963/iran","commonId":"9111","commonName":"iran","category":"Flags","isColor":true,"isAnimated":false,"free":false,"isExternal":false},{"id":"60207","name":"Iraq","platform":"color","timestamp":1506098513,"url":"/icon/60207/iraq","commonId":"13214","commonName":"iraq","category":"Flags","isColor":true,"isAnimated":false,"free":false,"isExternal":false},{"id":"15543","name":"Ireland","platform":"color","timestamp":1436467817,"url":"/icon/15543/ireland","commonId":"8676","commonName":"ireland","category":"Flags","isColor":true,"isAnimated":false,"free":false,"isExternal":false},{"id":"Lz5a7A9DnXx8","name":"Isle Of Man","platform":"color","timestamp":1644568952,"url":"/icon/Lz5a7A9DnXx8/isle-of-man","commonId":"UoRCPl8PmC1p","commonName":"isle-of-man","category":"Flags","isColor":true,"isAnimated":false,"free":false,"isExternal":false},{"id":"15542","name":"Italy","platform":"color","timestamp":1436467817,"url":"/icon/15542/italy","commonId":"8675","commonName":"italy","category":"Flags","isColor":true,"isAnimated":false,"free":false,"isExternal":false},{"id":"60220","name":"Ivory Coast","platform":"color","timestamp":1506104638,"url":"/icon/60220/ivory-coast","commonId":"13226","commonName":"ivory-coast","category":"Flags","isColor":true,"isAnimated":false,"free":false,"isExternal":false},{"id":"15539","name":"Jamaica","platform":"color","timestamp":1436467817,"url":"/icon/15539/jamaica","commonId":"8672","commonName":"jamaica","category":"Flags","isColor":true,"isAnimated":false,"free":false,"isExternal":false},{"id":"22435","name":"Japan","platform":"color","timestamp":1458051506,"url":"/icon/22435/japan","commonId":"9710","commonName":"japan","category":"Flags","isColor":true,"isAnimated":false,"free":false,"isExternal":false},{"id":"rZ7KY5zxoZZ6","name":"Jersey","platform":"color","timestamp":1644568953,"url":"/icon/rZ7KY5zxoZZ6/jersey","commonId":"V1tLg9Q2yNEx","commonName":"jersey","category":"Flags","isColor":true,"isAnimated":false,"free":false,"isExternal":false},{"id":"60236","name":"Jordan","platform":"color","timestamp":1506169155,"url":"/icon/60236/jordan","commonId":"13238","commonName":"jordan","category":"Flags","isColor":true,"isAnimated":false,"free":false,"isExternal":false},{"id":"37274","name":"Kazakhstan","platform":"color","timestamp":1477417656,"url":"/icon/37274/kazakhstan","commonId":"11091","commonName":"kazakhstan","category":"Flags","isColor":true,"isAnimated":false,"free":false,"isExternal":false},{"id":"60227","name":"Kenya","platform":"color","timestamp":1506110425,"url":"/icon/60227/kenya","commonId":"13232","commonName":"kenya","category":"Flags","isColor":true,"isAnimated":false,"free":false,"isExternal":false},{"id":"VuDtq0O3SeH9","name":"Kiribati","platform":"color","timestamp":1644568954,"url":"/icon/VuDtq0O3SeH9/kiribati","commonId":"atiUQz0Zd6hk","commonName":"kiribati","category":"Flags","isColor":true,"isAnimated":false,"free":false,"isExternal":false},{"id":"15529","name":"Kuwait","platform":"color","timestamp":1436467817,"url":"/icon/15529/kuwait","commonId":"8662","commonName":"kuwait","category":"Flags","isColor":true,"isAnimated":false,"free":false,"isExternal":false},{"id":"37276","name":"Kyrgyzstan","platform":"color","timestamp":1477418690,"url":"/icon/37276/kyrgyzstan","commonId":"11092","commonName":"kyrgyzstan","category":"Flags","isColor":true,"isAnimated":false,"free":false,"isExternal":false},{"id":"60210","name":"Laos","platform":"color","timestamp":1506098513,"url":"/icon/60210/laos","commonId":"13216","commonName":"laos","category":"Flags","isColor":true,"isAnimated":false,"free":false,"isExternal":false},{"id":"15524","name":"Latvia","platform":"color","timestamp":1436467817,"url":"/icon/15524/latvia","commonId":"8657","commonName":"latvia","category":"Flags","isColor":true,"isAnimated":false,"free":false,"isExternal":false},{"id":"59022","name":"Lebanon","platform":"color","timestamp":1504698691,"url":"/icon/59022/lebanon","commonId":"12982","commonName":"lebanon","category":"Flags","isColor":true,"isAnimated":false,"free":false,"isExternal":false},{"id":"60229","name":"Lesotho","platform":"color","timestamp":1506112357,"url":"/icon/60229/lesotho","commonId":"13234","commonName":"lesotho","category":"Flags","isColor":true,"isAnimated":false,"free":false,"isExternal":false},{"id":"15531","name":"Liberia","platform":"color","timestamp":1436467817,"url":"/icon/15531/liberia","commonId":"8664","commonName":"liberia","category":"Flags","isColor":true,"isAnimated":false,"free":false,"isExternal":false},{"id":"60208","name":"Libya","platform":"color","timestamp":1506098513,"url":"/icon/60208/libya","commonId":"13215","commonName":"libya","category":"Flags","isColor":true,"isAnimated":false,"free":false,"isExternal":false},{"id":"iXoLCUBStLED","name":"Liechtenstein","platform":"color","timestamp":1644568941,"url":"/icon/iXoLCUBStLED/liechtenstein","commonId":"F9c4rGTkIjB3","commonName":"liechtenstein","category":"Flags","isColor":true,"isAnimated":false,"free":false,"isExternal":false},{"id":"15533","name":"Lithuania","platform":"color","timestamp":1436467817,"url":"/icon/15533/lithuania","commonId":"8666","commonName":"lithuania","category":"Flags","isColor":true,"isAnimated":false,"free":false,"isExternal":false},{"id":"32583","name":"Luxembourg","platform":"color","timestamp":1469092333,"url":"/icon/32583/luxembourg","commonId":"10325","commonName":"luxembourg","category":"Flags","isColor":true,"isAnimated":false,"free":false,"isExternal":false},{"id":"BguLeqyhWNak","name":"Macao","platform":"color","timestamp":1644569088,"url":"/icon/BguLeqyhWNak/macao","commonId":"1ePIFBKITEvk","commonName":"macao","category":"Flags","isColor":true,"isAnimated":false,"free":false,"isExternal":false},{"id":"15537","name":"Macedonia","platform":"color","timestamp":1436467817,"url":"/icon/15537/macedonia","commonId":"8670","commonName":"macedonia","category":"Flags","isColor":true,"isAnimated":false,"free":false,"isExternal":false},{"id":"60241","name":"Madagacar","platform":"color","timestamp":1506169155,"url":"/icon/60241/madagacar","commonId":"13243","commonName":"madagascar","category":"Flags","isColor":true,"isAnimated":false,"free":false,"isExternal":false},{"id":"60251","name":"Malawi","platform":"color","timestamp":1506176707,"url":"/icon/60251/malawi","commonId":"13252","commonName":"malawi","category":"Flags","isColor":true,"isAnimated":false,"free":false,"isExternal":false},{"id":"60255","name":"Malaysia","platform":"color","timestamp":1506181592,"url":"/icon/60255/malaysia","commonId":"13255","commonName":"malaysia","category":"Flags","isColor":true,"isAnimated":false,"free":false,"isExternal":false},{"id":"N9V7DshkSd92","name":"Maldives","platform":"color","timestamp":1644569089,"url":"/icon/N9V7DshkSd92/maldives","commonId":"ZekzPBrvrA4z","commonName":"maldives","category":"Flags","isColor":true,"isAnimated":false,"free":false,"isExternal":false},{"id":"15545","name":"Mali","platform":"color","timestamp":1436467817,"url":"/icon/15545/mali","commonId":"8678","commonName":"mali","category":"Flags","isColor":true,"isAnimated":false,"free":false,"isExternal":false},{"id":"Qorgzs307y3J","name":"Malta","platform":"color","timestamp":1644569091,"url":"/icon/Qorgzs307y3J/malta","commonId":"13614","commonName":"malta","category":"Flags","isColor":true,"isAnimated":false,"free":false,"isExternal":false},{"id":"NwEJNjRJqy5o","name":"Marshall Islands","platform":"color","timestamp":1644569093,"url":"/icon/NwEJNjRJqy5o/marshall-islands","commonId":"Ru8aVXzDApIZ","commonName":"marshall-islands","category":"Flags","isColor":true,"isAnimated":false,"free":false,"isExternal":false},{"id":"60222","name":"Mauritania","platform":"color","timestamp":1506104639,"url":"/icon/60222/mauritania","commonId":"13227","commonName":"mauritania","category":"Flags","isColor":true,"isAnimated":false,"free":false,"isExternal":false},{"id":"60259","name":"Mauritius","platform":"color","timestamp":1506181593,"url":"/icon/60259/mauritius","commonId":"13260","commonName":"mauritius","category":"Flags","isColor":true,"isAnimated":false,"free":false,"isExternal":false},{"id":"22439","name":"Mexico","platform":"color","timestamp":1458051507,"url":"/icon/22439/mexico","commonId":"9714","commonName":"mexico","category":"Flags","isColor":true,"isAnimated":false,"free":false,"isExternal":false},{"id":"Pcf9BE7ddp2q","name":"Micronesia","platform":"color","timestamp":1644569094,"url":"/icon/Pcf9BE7ddp2q/micronesia","commonId":"ZWWFdxreVEuv","commonName":"micronesia","category":"Flags","isColor":true,"isAnimated":false,"free":false,"isExternal":false},{"id":"K7OablQneQJo","name":"Moldova","platform":"color","timestamp":1644569096,"url":"/icon/K7OablQneQJo/moldova","commonId":"a4qe5Gv8dkmm","commonName":"moldova","category":"Flags","isColor":true,"isAnimated":false,"free":false,"isExternal":false},{"id":"37265","name":"Monaco","platform":"color","timestamp":1477415901,"url":"/icon/37265/monaco","commonId":"11082","commonName":"monaco","category":"Flags","isColor":true,"isAnimated":false,"free":false,"isExternal":false},{"id":"60253","name":"Mongolia","platform":"color","timestamp":1506181592,"url":"/icon/60253/mongolia","commonId":"13254","commonName":"mongolia","category":"Flags","isColor":true,"isAnimated":false,"free":false,"isExternal":false},{"id":"3dvBVbTjMkI8","name":"Montenegro","platform":"color","timestamp":1644569099,"url":"/icon/3dvBVbTjMkI8/montenegro","commonId":"MQJj3Lfaii0Z","commonName":"montenegro","category":"Flags","isColor":true,"isAnimated":false,"free":false,"isExternal":false},{"id":"BVI22wk0aBLm","name":"Montserrat","platform":"color","timestamp":1644569102,"url":"/icon/BVI22wk0aBLm/montserrat","commonId":"lfnNMcExGj1T","commonName":"montserrat","category":"Flags","isColor":true,"isAnimated":false,"free":false,"isExternal":false},{"id":"22436","name":"Morocco","platform":"color","timestamp":1458051506,"url":"/icon/22436/morocco","commonId":"9711","commonName":"morocco","category":"Flags","isColor":true,"isAnimated":false,"free":false,"isExternal":false},{"id":"123601","name":"Mozambique Flag","platform":"color","timestamp":1561440145,"url":"/icon/123601/mozambique-flag","commonId":"23911","commonName":"mozambique-flag","category":"Flags","isColor":true,"isAnimated":false,"free":false,"isExternal":false},{"id":"60221","name":"Myanmar","platform":"color","timestamp":1506104639,"url":"/icon/60221/myanmar","commonId":"13228","commonName":"myanmar","category":"Flags","isColor":true,"isAnimated":false,"free":false,"isExternal":false},{"id":"60254","name":"Namibia","platform":"color","timestamp":1506181592,"url":"/icon/60254/namibia","commonId":"13256","commonName":"namibia","category":"Flags","isColor":true,"isAnimated":false,"free":false,"isExternal":false},{"id":"CzTjhfKz8hQR","name":"Nauru","platform":"color","timestamp":1644569104,"url":"/icon/CzTjhfKz8hQR/nauru","commonId":"TGk6MNJefxsV","commonName":"nauru","category":"Flags","isColor":true,"isAnimated":false,"free":false,"isExternal":false},{"id":"60249","name":"Nepal","platform":"color","timestamp":1506176707,"url":"/icon/60249/nepal","commonId":"13249","commonName":"nepal","category":"Flags","isColor":true,"isAnimated":false,"free":false,"isExternal":false},{"id":"15536","name":"Netherlands","platform":"color","timestamp":1436467817,"url":"/icon/15536/netherlands","commonId":"8669","commonName":"netherlands","category":"Flags","isColor":true,"isAnimated":false,"free":false,"isExternal":false},{"id":"20192","name":"New Zealand","platform":"color","timestamp":1450877258,"url":"/icon/20192/new-zealand","commonId":"9384","commonName":"new-zealand","category":"Flags","isColor":true,"isAnimated":false,"free":false,"isExternal":false},{"id":"Dkeb0SBZaGBo","name":"Nicaragua","platform":"color","timestamp":1644569243,"url":"/icon/Dkeb0SBZaGBo/nicaragua","commonId":"SWLQK8A7jmYi","commonName":"nicaragua","category":"Flags","isColor":true,"isAnimated":false,"free":false,"isExternal":false},{"id":"i3zIhXX7iRZi","name":"Niger","platform":"color","timestamp":1644569244,"url":"/icon/i3zIhXX7iRZi/niger","commonId":"KBmdeXeduYD5","commonName":"niger","category":"Flags","isColor":true,"isAnimated":false,"free":false,"isExternal":false},{"id":"rodYaViA2Nph","name":"Nigeria Flag","platform":"color","timestamp":1566888331,"url":"/icon/rodYaViA2Nph/nigeria-flag","commonId":"5nHxgFxVQf2J","commonName":"nigeria-flag","category":"Flags","isColor":true,"isAnimated":false,"free":false,"isExternal":false},{"id":"jHGxPnIdwr6x","name":"Niue","platform":"color","timestamp":1644569247,"url":"/icon/jHGxPnIdwr6x/niue","commonId":"zhGeidBI68dc","commonName":"niue","category":"Flags","isColor":true,"isAnimated":false,"free":false,"isExternal":false},{"id":"zUKHEOzcaxQs","name":"Norfolk Island","platform":"color","timestamp":1644569248,"url":"/icon/zUKHEOzcaxQs/norfolk-island","commonId":"7qbPvMI25W5j","commonName":"norfolk-island","category":"Flags","isColor":true,"isAnimated":false,"free":false,"isExternal":false},{"id":"60213","name":"North Korea","platform":"color","timestamp":1506098514,"url":"/icon/60213/north-korea","commonId":"13219","commonName":"north-korea","category":"Flags","isColor":true,"isAnimated":false,"free":false,"isExternal":false},{"id":"BR6cIpp07B8Z","name":"Northern Mariana Islands","platform":"color","timestamp":1644569250,"url":"/icon/BR6cIpp07B8Z/northern-mariana-islands","commonId":"7I5o2G7lYQz4","commonName":"northern-mariana-islands","category":"Flags","isColor":true,"isAnimated":false,"free":false,"isExternal":false},{"id":"15544","name":"Norway","platform":"color","timestamp":1436467817,"url":"/icon/15544/norway","commonId":"8677","commonName":"norway","category":"Flags","isColor":true,"isAnimated":false,"free":false,"isExternal":false},{"id":"ptQoUSF3VieK","name":"Oman","platform":"color","timestamp":1597232153,"url":"/icon/ptQoUSF3VieK/oman","commonId":"tyKIhxxxAltR","commonName":"oman","category":"Flags","isColor":true,"isAnimated":false,"free":false,"isExternal":false},{"id":"60223","name":"Pakistan","platform":"color","timestamp":1506104639,"url":"/icon/60223/pakistan","commonId":"13229","commonName":"pakistan","category":"Flags","isColor":true,"isAnimated":false,"free":false,"isExternal":false},{"id":"60256","name":"Panama","platform":"color","timestamp":1506181592,"url":"/icon/60256/panama","commonId":"13257","commonName":"panama","category":"Flags","isColor":true,"isAnimated":false,"free":false,"isExternal":false},{"id":"AVcLFXaHRqRM","name":"Papua New Guinea","platform":"color","timestamp":1644569233,"url":"/icon/AVcLFXaHRqRM/papua-new-guinea","commonId":"EdG6NY1dJQME","commonName":"papua-new-guinea","category":"Flags","isColor":true,"isAnimated":false,"free":false,"isExternal":false},{"id":"0s9nNjOlHEKQ","name":"Paraguay","platform":"color","timestamp":1644569236,"url":"/icon/0s9nNjOlHEKQ/paraguay","commonId":"fzXdQHD7AsAS","commonName":"paraguay","category":"Flags","isColor":true,"isAnimated":false,"free":false,"isExternal":false},{"id":"37266","name":"Peru","platform":"color","timestamp":1477415901,"url":"/icon/37266/peru","commonId":"11083","commonName":"peru","category":"Flags","isColor":true,"isAnimated":false,"free":false,"isExternal":false},{"id":"15530","name":"Philippines","platform":"color","timestamp":1436467817,"url":"/icon/15530/philippines","commonId":"8663","commonName":"philippines","category":"Flags","isColor":true,"isAnimated":false,"free":false,"isExternal":false},{"id":"EEbnpZzpQhmG","name":"Pitcairn Islands","platform":"color","timestamp":1644569239,"url":"/icon/EEbnpZzpQhmG/pitcairn-islands","commonId":"U8StBTOZoZQg","commonName":"pitcairn-islands","category":"Flags","isColor":true,"isAnimated":false,"free":false,"isExternal":false},{"id":"17964","name":"Poland","platform":"color","timestamp":1443541863,"url":"/icon/17964/poland","commonId":"9112","commonName":"poland","category":"Flags","isColor":true,"isAnimated":false,"free":false,"isExternal":false}]}]}}