{"success":true,"category":{"code":"flags","name":"Flags","share_url":"http://ic8.link/flags","share_preview":"https://maxcdn.icons8.com/Share/category/flags.png","subcategory":[{"code":"flags-of-the-us-states-and-territories","name":"Flags of the U.S. states and territories","description":"","icons":[{"id":"HtXyBhiNrojW","name":"Iowa Flag","platform":"color","timestamp":1579860964,"url":"/icon/HtXyBhiNrojW/iowa-flag","commonId":"wTBXSmWxqt-Y","commonName":"iowa-flag","category":"Flags","isColor":true,"isAnimated":false,"free":false,"isExternal":false},{"id":"0u4UrZ-kAH9O","name":"Kansas Flag","platform":"color","timestamp":1579860972,"url":"/icon/0u4UrZ-kAH9O/kansas-flag","commonId":"Wxt628DV2OXo","commonName":"kansas-flag","category":"Flags","isColor":true,"isAnimated":false,"free":false,"isExternal":false},{"id":"IyhPFm2AXnFh","name":"Kentucky Flag","platform":"color","timestamp":1579860974,"url":"/icon/IyhPFm2AXnFh/kentucky-flag","commonId":"ncxDeMo4RS9i","commonName":"kentucky-flag","category":"Flags","isColor":true,"isAnimated":false,"free":false,"isExternal":false},{"id":"mxUcnMuNAOSp","name":"Lousiana Flag","platform":"color","timestamp":1579860976,"url":"/icon/mxUcnMuNAOSp/lousiana-flag","commonId":"3Wp-uUCCMraP","commonName":"lousiana-flag","category":"Flags","isColor":true,"isAnimated":false,"free":false,"isExternal":false},{"id":"drFlVZjrpy3u","name":"Maine Flag","platform":"color","timestamp":1579860980,"url":"/icon/drFlVZjrpy3u/maine-flag","commonId":"9GAhzMnSP1EZ","commonName":"maine-flag","category":"Flags","isColor":true,"isAnimated":false,"free":false,"isExternal":false},{"id":"9FKO1QSdmhdH","name":"Maryland Flag","platform":"color","timestamp":1579860933,"url":"/icon/9FKO1QSdmhdH/maryland-flag","commonId":"z-igc9zEYUpy","commonName":"maryland-flag","category":"Flags","isColor":true,"isAnimated":false,"free":false,"isExternal":false},{"id":"U-ALwM5OpR7S","name":"Massachusetts Flag","platform":"color","timestamp":1579861041,"url":"/icon/U-ALwM5OpR7S/massachusetts-flag","commonId":"Des20DsRRDuY","commonName":"massachusetts-flag","category":"Flags","isColor":true,"isAnimated":false,"free":false,"isExternal":false},{"id":"l39NAYp3jpyq","name":"Michigan Flag","platform":"color","timestamp":1579861043,"url":"/icon/l39NAYp3jpyq/michigan-flag","commonId":"Ncmz1RN0REL-","commonName":"michigan-flag","category":"Flags","isColor":true,"isAnimated":false,"free":false,"isExternal":false},{"id":"jZHsrwgZA1OV","name":"Minnesota Flag","platform":"color","timestamp":1579861044,"url":"/icon/jZHsrwgZA1OV/minnesota-flag","commonId":"HVBwBVVfDYyI","commonName":"minnesota-flag","category":"Flags","isColor":true,"isAnimated":false,"free":false,"isExternal":false},{"id":"rw08FzGx83AK","name":"Mississippi Flag","platform":"color","timestamp":1579861045,"url":"/icon/rw08FzGx83AK/mississippi-flag","commonId":"AJoBs8w4FLpu","commonName":"mississippi-flag","category":"Flags","isColor":true,"isAnimated":false,"free":false,"isExternal":false},{"id":"hMYv_tfME4iE","name":"Missouri Flag","platform":"color","timestamp":1579861047,"url":"/icon/hMYv_tfME4iE/missouri-flag","commonId":"YDSO9fSlR-4x","commonName":"missouri-flag","category":"Flags","isColor":true,"isAnimated":false,"free":false,"isExternal":false},{"id":"PiDPd3RIB-aI","name":"Montana Flag","platform":"color","timestamp":1579861049,"url":"/icon/PiDPd3RIB-aI/montana-flag","commonId":"hM241_UW3JB8","commonName":"montana-flag","category":"Flags","isColor":true,"isAnimated":false,"free":false,"isExternal":false},{"id":"fVBKgBFYEsAS","name":"Nebraska Flag","platform":"color","timestamp":1579861050,"url":"/icon/fVBKgBFYEsAS/nebraska-flag","commonId":"u7uDy2_k7grW","commonName":"nebraska-flag","category":"Flags","isColor":true,"isAnimated":false,"free":false,"isExternal":false},{"id":"TKorkvgkXnqa","name":"Nevada Flag","platform":"color","timestamp":1579861052,"url":"/icon/TKorkvgkXnqa/nevada-flag","commonId":"QrDhUDBR1Dq5","commonName":"nevada-flag","category":"Flags","isColor":true,"isAnimated":false,"free":false,"isExternal":false},{"id":"ViZFYL8OnHoI","name":"New Hampshire Flag","platform":"color","timestamp":1579861053,"url":"/icon/ViZFYL8OnHoI/new-hampshire-flag","commonId":"SUPlkvkq8phm","commonName":"new-hampshire-flag","category":"Flags","isColor":true,"isAnimated":false,"free":false,"isExternal":false},{"id":"6wBSXgD-30f4","name":"New Jersey Flag","platform":"color","timestamp":1579861054,"url":"/icon/6wBSXgD-30f4/new-jersey-flag","commonId":"Yz9JvID4ipe9","commonName":"new-jersey-flag","category":"Flags","isColor":true,"isAnimated":false,"free":false,"isExternal":false},{"id":"uKYT_MT6Af1M","name":"New Mexico Flag","platform":"color","timestamp":1579861056,"url":"/icon/uKYT_MT6Af1M/new-mexico-flag","commonId":"3zBgVxoBiNVP","commonName":"new-mexico-flag","category":"Flags","isColor":true,"isAnimated":false,"free":false,"isExternal":false},{"id":"PHJN-9UdTYcq","name":"New York Flag","platform":"color","timestamp":1579861057,"url":"/icon/PHJN-9UdTYcq/new-york-flag","commonId":"4_YpCjS5ChXJ","commonName":"new-york-flag","category":"Flags","isColor":true,"isAnimated":false,"free":false,"isExternal":false},{"id":"h4spXYDZr-ez","name":"North Carolina Flag","platform":"color","timestamp":1579861059,"url":"/icon/h4spXYDZr-ez/north-carolina-flag","commonId":"u6ye_8jj1Sca","commonName":"north-carolina-flag","category":"Flags","isColor":true,"isAnimated":false,"free":false,"isExternal":false},{"id":"HG94AoyH021p","name":"North Dakota Flag","platform":"color","timestamp":1579861060,"url":"/icon/HG94AoyH021p/north-dakota-flag","commonId":"dD0Ang6e4z4v","commonName":"north-dakota-flag","category":"Flags","isColor":true,"isAnimated":false,"free":false,"isExternal":false},{"id":"44fY7vWjhjiH","name":"Ohio Flag","platform":"color","timestamp":1579861061,"url":"/icon/44fY7vWjhjiH/ohio-flag","commonId":"ljCVcf2HjyFc","commonName":"ohio-flag","category":"Flags","isColor":true,"isAnimated":false,"free":false,"isExternal":false},{"id":"5I0q-mn8NKdv","name":"Oklahoma Flag","platform":"color","timestamp":1579861062,"url":"/icon/5I0q-mn8NKdv/oklahoma-flag","commonId":"WXOVi99CuFMu","commonName":"oklahoma-flag","category":"Flags","isColor":true,"isAnimated":false,"free":false,"isExternal":false},{"id":"X-lScXq7uV90","name":"Oregon Flag","platform":"color","timestamp":1579861063,"url":"/icon/X-lScXq7uV90/oregon-flag","commonId":"gFFvZfFUWA1g","commonName":"oregon-flag","category":"Flags","isColor":true,"isAnimated":false,"free":false,"isExternal":false},{"id":"VoWoTmq3C4SB","name":"Pennsylvania Flag","platform":"color","timestamp":1579861064,"url":"/icon/VoWoTmq3C4SB/pennsylvania-flag","commonId":"hPGN3i2Gd8a9","commonName":"pennsylvania-flag","category":"Flags","isColor":true,"isAnimated":false,"free":false,"isExternal":false},{"id":"bEdKRwxEQ3bR","name":"Rhode Island Flag","platform":"color","timestamp":1579861066,"url":"/icon/bEdKRwxEQ3bR/rhode-island-flag","commonId":"9gbc8Ib2vB2R","commonName":"rhode-island-flag","category":"Flags","isColor":true,"isAnimated":false,"free":false,"isExternal":false},{"id":"lvMLadGC2uIq","name":"South Carolina Flag","platform":"color","timestamp":1579861040,"url":"/icon/lvMLadGC2uIq/south-carolina-flag","commonId":"2iwTUdtxCtIB","commonName":"south-carolina-flag","category":"Flags","isColor":true,"isAnimated":false,"free":false,"isExternal":false},{"id":"LGWMf_LvV35D","name":"South Dakota Flag","platform":"color","timestamp":1579861099,"url":"/icon/LGWMf_LvV35D/south-dakota-flag","commonId":"YYGHi0Ohm4Sb","commonName":"south-dakota-flag","category":"Flags","isColor":true,"isAnimated":false,"free":false,"isExternal":false},{"id":"NM4PBy6-P7DR","name":"Tennessee Flag","platform":"color","timestamp":1579861100,"url":"/icon/NM4PBy6-P7DR/tennessee-flag","commonId":"pSo8JohVOFug","commonName":"tennessee-flag","category":"Flags","isColor":true,"isAnimated":false,"free":false,"isExternal":false},{"id":"XTantlC-UA3q","name":"Texas Flag","platform":"color","timestamp":1579861101,"url":"/icon/XTantlC-UA3q/texas-flag","commonId":"VvYyJ9cZ9Lbz","commonName":"texas-flag","category":"Flags","isColor":true,"isAnimated":false,"free":false,"isExternal":false},{"id":"DoreHlNCT-va","name":"Utah Flag","platform":"color","timestamp":1579861102,"url":"/icon/DoreHlNCT-va/utah-flag","commonId":"0ThCmg4y5UN-","commonName":"utah-flag","category":"Flags","isColor":true,"isAnimated":false,"free":false,"isExternal":false},{"id":"y1Sr8HgfqBOL","name":"Vermont Flag","platform":"color","timestamp":1579861103,"url":"/icon/y1Sr8HgfqBOL/vermont-flag","commonId":"4R1OdgJzm7Q0","commonName":"vermont-flag","category":"Flags","isColor":true,"isAnimated":false,"free":false,"isExternal":false},{"id":"GAE6WZTPKYO1","name":"Virginia Flag","platform":"color","timestamp":1579861107,"url":"/icon/GAE6WZTPKYO1/virginia-flag","commonId":"oKu4Fy3LbQ6l","commonName":"virginia-flag","category":"Flags","isColor":true,"isAnimated":false,"free":false,"isExternal":false},{"id":"J5GxnkQaXFtb","name":"Washington Flag","platform":"color","timestamp":1579861109,"url":"/icon/J5GxnkQaXFtb/washington-flag","commonId":"CHgOMYRWFzHL","commonName":"washington-flag","category":"Flags","isColor":true,"isAnimated":false,"free":false,"isExternal":false},{"id":"TKwBVwV4ffLU","name":"West Virginia Flag","platform":"color","timestamp":1579861110,"url":"/icon/TKwBVwV4ffLU/west-virginia-flag","commonId":"suWeQgWMZq0i","commonName":"west-virginia-flag","category":"Flags","isColor":true,"isAnimated":false,"free":false,"isExternal":false},{"id":"Y23SDXCP-XCb","name":"Wisconsin Flag","platform":"color","timestamp":1579861114,"url":"/icon/Y23SDXCP-XCb/wisconsin-flag","commonId":"EDBRIpMsIL8r","commonName":"wisconsin-flag","category":"Flags","isColor":true,"isAnimated":false,"free":false,"isExternal":false},{"id":"kZS0xbjHYerT","name":"Wyoming Flag","platform":"color","timestamp":1579861118,"url":"/icon/kZS0xbjHYerT/wyoming-flag","commonId":"mwpcf79xY0iU","commonName":"wyoming-flag","category":"Flags","isColor":true,"isAnimated":false,"free":false,"isExternal":false}]},{"code":"generic-flags","name":"Generic Flags","description":"","icons":[{"id":"cDzZDF7KSKtp","name":"Destination","platform":"color","isAnimated":true,"timestamp":1606303544,"url":"/icon/cDzZDF7KSKtp/destination","commonId":"9484","commonName":"filled-flag2--v2","category":"Flags","isColor":true,"free":false,"isExternal":false},{"id":"20844","name":"Destination","platform":"color","timestamp":1454014175,"url":"/icon/20844/destination","commonId":"9484","commonName":"filled-flag2--v1","category":"Flags","isColor":true,"isAnimated":false,"free":false,"isExternal":false},{"id":"13796","name":"Empty Flag","platform":"color","timestamp":1434531042,"url":"/icon/13796/empty-flag","commonId":"591","commonName":"empty-flag","category":"Flags","isColor":true,"isAnimated":false,"free":false,"isExternal":false},{"id":"sp4PBEZ32TEc","name":"Flag","platform":"color","isAnimated":true,"timestamp":1609159005,"url":"/icon/sp4PBEZ32TEc/flag","commonId":"2754","commonName":"flag--v2","category":"Flags","isColor":true,"free":false,"isExternal":false},{"id":"20845","name":"Flag","platform":"color","timestamp":1454014175,"url":"/icon/20845/flag","commonId":"2754","commonName":"flag--v1","category":"Flags","isColor":true,"isAnimated":false,"free":false,"isExternal":false},{"id":"13802","name":"Flag Filled","platform":"color","timestamp":1434531042,"url":"/icon/13802/flag-filled","commonId":"592","commonName":"filled-flag","category":"Flags","isColor":true,"isAnimated":false,"free":false,"isExternal":false},{"id":"65545","name":"Green Flag","platform":"color","timestamp":1512658471,"url":"/icon/65545/green-flag","commonId":"15498","commonName":"green-flag","category":"Flags","isColor":true,"isAnimated":false,"free":false,"isExternal":false},{"id":"13857","name":"Horizontal Flag","platform":"color","timestamp":1434531043,"url":"/icon/13857/horizontal-flag","commonId":"5727","commonName":"horizontal-flag","category":"Flags","isColor":true,"isAnimated":false,"free":false,"isExternal":false},{"id":"13735","name":"Nordic Cross Flag","platform":"color","timestamp":1434469847,"url":"/icon/13735/nordic-cross-flag","commonId":"5726","commonName":"cross-flag","category":"Flags","isColor":true,"isAnimated":false,"free":false,"isExternal":false},{"id":"13844","name":"Vertical Flag","platform":"color","timestamp":1434531043,"url":"/icon/13844/vertical-flag","commonId":"5728","commonName":"vertical-flag","category":"Flags","isColor":true,"isAnimated":false,"free":false,"isExternal":false}]},{"code":"lgbt-flags","name":"LGBT flags","description":"","icons":[{"id":"XfUVE_X_dk9z","name":"Agender Flag","platform":"color","timestamp":1571905778,"url":"/icon/XfUVE_X_dk9z/agender-flag","commonId":"C--H0YlDlnlQ","commonName":"agender-flag","category":"Flags","isColor":true,"isAnimated":false,"free":false,"isExternal":false},{"id":"GvCsOsmrqgxV","name":"Asexual Flag","platform":"color","timestamp":1571905779,"url":"/icon/GvCsOsmrqgxV/asexual-flag","commonId":"l6LNvJn2l9GN","commonName":"asexual-flag","category":"Flags","isColor":true,"isAnimated":false,"free":false,"isExternal":false},{"id":"lZojIRW_mK07","name":"Bisexual Flag","platform":"color","timestamp":1571905779,"url":"/icon/lZojIRW_mK07/bisexual-flag","commonId":"3w2qp4ovt87Y","commonName":"bisexual-flag","category":"Flags","isColor":true,"isAnimated":false,"free":false,"isExternal":false},{"id":"zSTTaAHO5zu3","name":"Demisexual Flag","platform":"color","timestamp":1571905781,"url":"/icon/zSTTaAHO5zu3/demisexual-flag","commonId":"58sl-Xs25LOF","commonName":"demisexual-flag","category":"Flags","isColor":true,"isAnimated":false,"free":false,"isExternal":false},{"id":"S897zBQWR6nP","name":"Genderfluid Flag","platform":"color","timestamp":1571905782,"url":"/icon/S897zBQWR6nP/genderfluid-flag","commonId":"4AiROV1ibkMI","commonName":"genderfluid-flag","category":"Flags","isColor":true,"isAnimated":false,"free":false,"isExternal":false},{"id":"AMsUhHMfbhp7","name":"Genderqueer Flag","platform":"color","timestamp":1571905782,"url":"/icon/AMsUhHMfbhp7/genderqueer-flag","commonId":"eDUEw-E5Z87L","commonName":"genderqueer-flag","category":"Flags","isColor":true,"isAnimated":false,"free":false,"isExternal":false},{"id":"utub8x3AKrQQ","name":"Intersex Flag","platform":"color","timestamp":1571905782,"url":"/icon/utub8x3AKrQQ/intersex-flag","commonId":"451JmhrUx-Qm","commonName":"intersex-flag","category":"Flags","isColor":true,"isAnimated":false,"free":false,"isExternal":false},{"id":"32414","name":"LGBT Flag","platform":"color","timestamp":1468834435,"url":"/icon/32414/lgbt-flag","commonId":"10260","commonName":"lgbt-flag","category":"Flags","isColor":true,"isAnimated":false,"free":false,"isExternal":false},{"id":"rZCCh5YLX9Qg","name":"Lesbian Flag","platform":"color","timestamp":1571905782,"url":"/icon/rZCCh5YLX9Qg/lesbian-flag","commonId":"-hOyK_lnk0mw","commonName":"lesbian-flag","category":"Flags","isColor":true,"isAnimated":false,"free":false,"isExternal":false},{"id":"kLpCRKTQHo34","name":"Nonbinary Flag","platform":"color","timestamp":1571905783,"url":"/icon/kLpCRKTQHo34/nonbinary-flag","commonId":"wfSRqBR5XbjE","commonName":"nonbinary-flag","category":"Flags","isColor":true,"isAnimated":false,"free":false,"isExternal":false},{"id":"I2qGj3PddL-7","name":"Pansexual Flag","platform":"color","timestamp":1571905783,"url":"/icon/I2qGj3PddL-7/pansexual-flag","commonId":"DKlUZntW3ork","commonName":"pansexual-flag","category":"Flags","isColor":true,"isAnimated":false,"free":false,"isExternal":false},{"id":"RPm6lKjpJHEJ","name":"Polysexual Flag","platform":"color","timestamp":1571905783,"url":"/icon/RPm6lKjpJHEJ/polysexual-flag","commonId":"HguQSQf0XpYv","commonName":"polysexual-flag","category":"Flags","isColor":true,"isAnimated":false,"free":false,"isExternal":false},{"id":"eMCpg8WgwLLZ","name":"Transgender Flag","platform":"color","timestamp":1571905783,"url":"/icon/eMCpg8WgwLLZ/transgender-flag","commonId":"EH-OwQGDHMXz","commonName":"transgender-flag","category":"Flags","isColor":true,"isAnimated":false,"free":false,"isExternal":false}]},{"code":"regional-flags","name":"Regional flags","description":"","icons":[{"id":"19868","name":"African Union","platform":"color","timestamp":1449577536,"url":"/icon/19868/african-union","commonId":"9331","commonName":"african-union","category":"Flags","isColor":true,"isAnimated":false,"free":false,"isExternal":false},{"id":"18212","name":"England","platform":"color","timestamp":1444207898,"url":"/icon/18212/england","commonId":"9139","commonName":"england","category":"Flags","isColor":true,"isAnimated":false,"free":false,"isExternal":false},{"id":"21742","name":"Flag Of Europe","platform":"color","timestamp":1456354772,"url":"/icon/21742/flag-of-europe","commonId":"9629","commonName":"flag-of-europe","category":"Flags","isColor":true,"isAnimated":false,"free":false,"isExternal":false},{"id":"60090","name":"Kurdistan","platform":"color","timestamp":1506091043,"url":"/icon/60090/kurdistan","commonId":"13211","commonName":"kurdistan","category":"Flags","isColor":true,"isAnimated":false,"free":false,"isExternal":false},{"id":"56525","name":"Palestine","platform":"color","timestamp":1509096039,"url":"/icon/56525/palestine","commonId":"13606","commonName":"palestine","category":"Flags","isColor":true,"isAnimated":false,"free":false,"isExternal":false},{"id":"18214","name":"Scotland","platform":"color","timestamp":1444207988,"url":"/icon/18214/scotland","commonId":"9141","commonName":"scotland","category":"Flags","isColor":true,"isAnimated":false,"free":false,"isExternal":false},{"id":"36734","name":"Shan","platform":"color","timestamp":1476127551,"url":"/icon/36734/shan","commonId":"10950","commonName":"shan","category":"Flags","isColor":true,"isAnimated":false,"free":false,"isExternal":false},{"id":"18215","name":"Wales","platform":"color","timestamp":1444208068,"url":"/icon/18215/wales","commonId":"9142","commonName":"wales","category":"Flags","isColor":true,"isAnimated":false,"free":false,"isExternal":false}]},{"code":"other","name":"other","description":"other","icons":[{"id":"zQQl5PAgv7PH","name":"Afghanistan Flag","platform":"color","timestamp":1571311265,"url":"/icon/zQQl5PAgv7PH/afghanistan-flag","commonId":"lFVzdDaXIeLO","commonName":"afghanistan-flag-heart","category":"Flags","isColor":true,"isAnimated":false,"free":false,"isExternal":false},{"id":"MK5_nXumPBAV","name":"Afghanistan Flag","platform":"color","timestamp":1571311253,"url":"/icon/MK5_nXumPBAV/afghanistan-flag","commonId":"VfU6t1igMCFo","commonName":"afghanistan-flag-rounded","category":"Flags","isColor":true,"isAnimated":false,"free":false,"isExternal":false},{"id":"pW6QTSwuKYa-","name":"Afghanistan Flag Pentagon","platform":"color","timestamp":1573545857,"url":"/icon/pW6QTSwuKYa-/afghanistan-flag-pentagon","commonId":"wxXXJnNMKdhs","commonName":"afghanistan-flag-pentagon","category":"Flags","isColor":true,"isAnimated":false,"free":false,"isExternal":false},{"id":"oE4lAnbkn6B1","name":"Afghanistan Flag Star","platform":"color","timestamp":1571905779,"url":"/icon/oE4lAnbkn6B1/afghanistan-flag-star","commonId":"akMLi9YRA0kW","commonName":"afghanistan-flag-star","category":"Flags","isColor":true,"isAnimated":false,"free":false,"isExternal":false},{"id":"36779","name":"Coat of Arms of Russia","platform":"color","timestamp":1532654865,"url":"/icon/36779/coat-of-arms-of-russia","commonId":"20843","commonName":"coat-of-arms-of-russia","category":"Flags","isColor":true,"isAnimated":false,"free":false,"isExternal":false},{"id":"39492","name":"Israel","platform":"color","timestamp":1496161086,"url":"/icon/39492/israel","commonId":"12118","commonName":"israel","category":"Flags","isColor":true,"isAnimated":false,"free":false,"isExternal":false},{"id":"JakrjGGiHx2F","name":"West Indies Cricket Board Flag","platform":"color","timestamp":1581924707,"url":"/icon/JakrjGGiHx2F/west-indies-cricket-board-flag","commonId":"KV4YHITXi75k","commonName":"west-indies-cricket-board-flag","category":"Flags","isColor":true,"isAnimated":false,"free":false,"isExternal":false}]}]}}