{"success":true,"category":{"code":"flags","name":"Flags","share_url":"http://ic8.link/flags","share_preview":"https://maxcdn.icons8.com/Share/category/flags.png","subcategory":[{"code":"flags-of-countries","name":"Flags of Countries","description":"","icons":[{"id":"20384","name":"Portugal","platform":"color","timestamp":1451580003,"url":"/icon/20384/portugal","commonId":"9407","commonName":"portugal","category":"Flags","isColor":true,"isAnimated":false,"free":false,"isExternal":false},{"id":"37267","name":"Puerto Rico","platform":"color","timestamp":1477415901,"url":"/icon/37267/puerto-rico","commonId":"11084","commonName":"puerto-rico","category":"Flags","isColor":true,"isAnimated":false,"free":false,"isExternal":false},{"id":"60258","name":"Qatar","platform":"color","timestamp":1506181592,"url":"/icon/60258/qatar","commonId":"13259","commonName":"qatar","category":"Flags","isColor":true,"isAnimated":false,"free":false,"isExternal":false},{"id":"15546","name":"Romania","platform":"color","timestamp":1436467817,"url":"/icon/15546/romania","commonId":"8679","commonName":"romania","category":"Flags","isColor":true,"isAnimated":false,"free":false,"isExternal":false},{"id":"15528","name":"Russian Federation","platform":"color","timestamp":1436467817,"url":"/icon/15528/russian-federation","commonId":"8661","commonName":"russian-federation","category":"Flags","isColor":true,"isAnimated":false,"free":false,"isExternal":false},{"id":"mhY2oeNH4WBC","name":"Rwanda","platform":"color","timestamp":1644569242,"url":"/icon/mhY2oeNH4WBC/rwanda","commonId":"Ux6bVnvGQQIR","commonName":"rwanda","category":"Flags","isColor":true,"isAnimated":false,"free":false,"isExternal":false},{"id":"7gm7kG7ngQBV","name":"Saint Kitts And Nevis","platform":"color","timestamp":1644569362,"url":"/icon/7gm7kG7ngQBV/saint-kitts-and-nevis","commonId":"X0Dey8zCHfTO","commonName":"saint-kitts-and-nevis","category":"Flags","isColor":true,"isAnimated":false,"free":false,"isExternal":false},{"id":"9kPpcApINb48","name":"Saint Lucia","platform":"color","timestamp":1644569363,"url":"/icon/9kPpcApINb48/saint-lucia","commonId":"v2yqd55nbBPP","commonName":"saint-lucia","category":"Flags","isColor":true,"isAnimated":false,"free":false,"isExternal":false},{"id":"M7JNlnWCbgAr","name":"Saint Vincent And The Grenadines","platform":"color","timestamp":1644569364,"url":"/icon/M7JNlnWCbgAr/saint-vincent-and-the-grenadines","commonId":"Mug8CkhsCIor","commonName":"saint-vincent-and-the-grenadines","category":"Flags","isColor":true,"isAnimated":false,"free":false,"isExternal":false},{"id":"wsnlIkx8e686","name":"Samoa","platform":"color","timestamp":1644569365,"url":"/icon/wsnlIkx8e686/samoa","commonId":"WpZREyYWNHBt","commonName":"samoa","category":"Flags","isColor":true,"isAnimated":false,"free":false,"isExternal":false},{"id":"37271","name":"San Marino","platform":"color","timestamp":1477415905,"url":"/icon/37271/san-marino","commonId":"11088","commonName":"san-marino","category":"Flags","isColor":true,"isAnimated":false,"free":false,"isExternal":false},{"id":"74eUWDHe3jmS","name":"Sao Tome And Principe","platform":"color","timestamp":1644569367,"url":"/icon/74eUWDHe3jmS/sao-tome-and-principe","commonId":"BuePPHLbyq2q","commonName":"sao-tome-and-principe","category":"Flags","isColor":true,"isAnimated":false,"free":false,"isExternal":false},{"id":"22438","name":"Saudi Arabia","platform":"color","timestamp":1458051507,"url":"/icon/22438/saudi-arabia","commonId":"9713","commonName":"saudi-arabia","category":"Flags","isColor":true,"isAnimated":false,"free":false,"isExternal":false},{"id":"xXRLL3dOn7Aa","name":"Senegal","platform":"color","timestamp":1644569368,"url":"/icon/xXRLL3dOn7Aa/senegal","commonId":"AL8UgVHubXA5","commonName":"senegal","category":"Flags","isColor":true,"isAnimated":false,"free":false,"isExternal":false},{"id":"32718","name":"Serbia","platform":"color","timestamp":1469174946,"url":"/icon/32718/serbia","commonId":"10338","commonName":"serbia","category":"Flags","isColor":true,"isAnimated":false,"free":false,"isExternal":false},{"id":"37268","name":"Seychelles","platform":"color","timestamp":1477415902,"url":"/icon/37268/seychelles","commonId":"11085","commonName":"seychelles","category":"Flags","isColor":true,"isAnimated":false,"free":false,"isExternal":false},{"id":"60242","name":"Sierra Leone","platform":"color","timestamp":1506169155,"url":"/icon/60242/sierra-leone","commonId":"13244","commonName":"sierra-leone","category":"Flags","isColor":true,"isAnimated":false,"free":false,"isExternal":false},{"id":"74250","name":"Singapore","platform":"color","timestamp":1519639358,"url":"/icon/74250/singapore","commonId":"17504","commonName":"singapore","category":"Flags","isColor":true,"isAnimated":false,"free":false,"isExternal":false},{"id":"17965","name":"Slovakia","platform":"color","timestamp":1443541930,"url":"/icon/17965/slovakia","commonId":"9113","commonName":"slovakia","category":"Flags","isColor":true,"isAnimated":false,"free":false,"isExternal":false},{"id":"17966","name":"Slovenia","platform":"color","timestamp":1443541975,"url":"/icon/17966/slovenia","commonId":"9114","commonName":"slovenia","category":"Flags","isColor":true,"isAnimated":false,"free":false,"isExternal":false},{"id":"5aLM5AhgRidh","name":"Solomon Islands","platform":"color","timestamp":1644569369,"url":"/icon/5aLM5AhgRidh/solomon-islands","commonId":"LT9Hg5eMevke","commonName":"solomon-islands","category":"Flags","isColor":true,"isAnimated":false,"free":false,"isExternal":false},{"id":"60214","name":"Somalia","platform":"color","timestamp":1506098514,"url":"/icon/60214/somalia","commonId":"13220","commonName":"somalia","category":"Flags","isColor":true,"isAnimated":false,"free":false,"isExternal":false},{"id":"60230","name":"South Africa","platform":"color","timestamp":1506113395,"url":"/icon/60230/south-africa","commonId":"13235","commonName":"south-africa","category":"Flags","isColor":true,"isAnimated":false,"free":false,"isExternal":false},{"id":"PyOdaA4pxw1r","name":"South Georgia And The South Sandwich Islands","platform":"color","timestamp":1644569372,"url":"/icon/PyOdaA4pxw1r/south-georgia-and-the-south-sandwich-islands","commonId":"HGgJcnpugkOR","commonName":"south-georgia-and-the-south-sandwich-islands","category":"Flags","isColor":true,"isAnimated":false,"free":false,"isExternal":false},{"id":"33288","name":"South Korea","platform":"color","timestamp":1470050227,"url":"/icon/33288/south-korea","commonId":"10356","commonName":"south-korea","category":"Flags","isColor":true,"isAnimated":false,"free":false,"isExternal":false},{"id":"60206","name":"South Sudan","platform":"color","timestamp":1506098513,"url":"/icon/60206/south-sudan","commonId":"13212","commonName":"south-sudan","category":"Flags","isColor":true,"isAnimated":false,"free":false,"isExternal":false},{"id":"17967","name":"Spain","platform":"color","timestamp":1443541987,"url":"/icon/17967/spain","commonId":"9115","commonName":"spain","category":"Flags","isColor":true,"isAnimated":false,"free":false,"isExternal":false},{"id":"18099","name":"Spain Flag","platform":"color","timestamp":1444045601,"url":"/icon/18099/spain-flag","commonId":"9133","commonName":"spain-2","category":"Flags","isColor":true,"isAnimated":false,"free":false,"isExternal":false},{"id":"60252","name":"Sri Lanka","platform":"color","timestamp":1506176707,"url":"/icon/60252/sri-lanka","commonId":"13253","commonName":"sri-lanka","category":"Flags","isColor":true,"isAnimated":false,"free":false,"isExternal":false},{"id":"qmhWMFH1Znqj","name":"Sudan","platform":"color","timestamp":1644569374,"url":"/icon/qmhWMFH1Znqj/sudan","commonId":"Fl2jiRwGz3ay","commonName":"sudan","category":"Flags","isColor":true,"isAnimated":false,"free":false,"isExternal":false},{"id":"swyljfWOYj28","name":"Suriname","platform":"color","timestamp":1644569375,"url":"/icon/swyljfWOYj28/suriname","commonId":"HevsrmIqpw73","commonName":"suriname","category":"Flags","isColor":true,"isAnimated":false,"free":false,"isExternal":false},{"id":"60243","name":"Swaziland","platform":"color","timestamp":1506169155,"url":"/icon/60243/swaziland","commonId":"13246","commonName":"swaziland","category":"Flags","isColor":true,"isAnimated":false,"free":false,"isExternal":false},{"id":"15527","name":"Sweden","platform":"color","timestamp":1436467817,"url":"/icon/15527/sweden","commonId":"8660","commonName":"sweden","category":"Flags","isColor":true,"isAnimated":false,"free":false,"isExternal":false},{"id":"15526","name":"Switzerland","platform":"color","timestamp":1436467817,"url":"/icon/15526/switzerland","commonId":"8659","commonName":"switzerland","category":"Flags","isColor":true,"isAnimated":false,"free":false,"isExternal":false},{"id":"60212","name":"Syria","platform":"color","timestamp":1506098513,"url":"/icon/60212/syria","commonId":"13217","commonName":"syria","category":"Flags","isColor":true,"isAnimated":false,"free":false,"isExternal":false},{"id":"37277","name":"Tajikistan","platform":"color","timestamp":1477418950,"url":"/icon/37277/tajikistan","commonId":"11093","commonName":"tajikistan","category":"Flags","isColor":true,"isAnimated":false,"free":false,"isExternal":false},{"id":"60247","name":"Tanzania","platform":"color","timestamp":1506176707,"url":"/icon/60247/tanzania","commonId":"13248","commonName":"tanzania","category":"Flags","isColor":true,"isAnimated":false,"free":false,"isExternal":false},{"id":"60244","name":"Thailand","platform":"color","timestamp":1506169155,"url":"/icon/60244/thailand","commonId":"13245","commonName":"thailand","category":"Flags","isColor":true,"isAnimated":false,"free":false,"isExternal":false},{"id":"60231","name":"Timor Leste","platform":"color","timestamp":1506113395,"url":"/icon/60231/timor-leste","commonId":"13236","commonName":"timor-leste","category":"Flags","isColor":true,"isAnimated":false,"free":false,"isExternal":false},{"id":"15525","name":"Togo","platform":"color","timestamp":1436467817,"url":"/icon/15525/togo","commonId":"8658","commonName":"togo","category":"Flags","isColor":true,"isAnimated":false,"free":false,"isExternal":false},{"id":"K1opKcKxGuxi","name":"Tokelau","platform":"color","timestamp":1644569500,"url":"/icon/K1opKcKxGuxi/tokelau","commonId":"hMdg7yHlIvMz","commonName":"tokelau","category":"Flags","isColor":true,"isAnimated":false,"free":false,"isExternal":false},{"id":"eWqCTTZl5Pse","name":"Tonga","platform":"color","timestamp":1644569502,"url":"/icon/eWqCTTZl5Pse/tonga","commonId":"5rX34kSA5G6T","commonName":"tonga","category":"Flags","isColor":true,"isAnimated":false,"free":false,"isExternal":false},{"id":"60224","name":"Trinidad and Tobago","platform":"color","timestamp":1506110425,"url":"/icon/60224/trinidad-and-tobago","commonId":"13231","commonName":"trinidad-and-tobago","category":"Flags","isColor":true,"isAnimated":false,"free":false,"isExternal":false},{"id":"22437","name":"Tunisia","platform":"color","timestamp":1458051506,"url":"/icon/22437/tunisia","commonId":"9712","commonName":"tunisia","category":"Flags","isColor":true,"isAnimated":false,"free":false,"isExternal":false},{"id":"15541","name":"Turkey","platform":"color","timestamp":1436467817,"url":"/icon/15541/turkey","commonId":"8674","commonName":"turkey","category":"Flags","isColor":true,"isAnimated":false,"free":false,"isExternal":false},{"id":"e6fTnSOdD6T2","name":"Turkmenistan","platform":"color","timestamp":1644569503,"url":"/icon/e6fTnSOdD6T2/turkmenistan","commonId":"pRGnzw0EHj1z","commonName":"turkmenistan","category":"Flags","isColor":true,"isAnimated":false,"free":false,"isExternal":false},{"id":"U1r8J8b3em4z","name":"Turks And Caicos Islands","platform":"color","timestamp":1644569505,"url":"/icon/U1r8J8b3em4z/turks-and-caicos-islands","commonId":"EZlQawsk66pU","commonName":"turks-and-caicos-islands","category":"Flags","isColor":true,"isAnimated":false,"free":false,"isExternal":false},{"id":"V0Vhd6bfO1Yd","name":"Tuvalu","platform":"color","timestamp":1644569507,"url":"/icon/V0Vhd6bfO1Yd/tuvalu","commonId":"SeIqFXUAQOAQ","commonName":"tuvalu","category":"Flags","isColor":true,"isAnimated":false,"free":false,"isExternal":false},{"id":"15532","name":"USA","platform":"color","timestamp":1436467817,"url":"/icon/15532/usa","commonId":"8665","commonName":"usa","category":"Flags","isColor":true,"isAnimated":false,"free":false,"isExternal":false},{"id":"40627","name":"USSR","platform":"color","timestamp":1506507538,"url":"/icon/40627/ussr","commonId":"13280","commonName":"ussr","category":"Flags","isColor":true,"isAnimated":false,"free":false,"isExternal":false},{"id":"60235","name":"Uganda","platform":"color","timestamp":1506169155,"url":"/icon/60235/uganda","commonId":"13237","commonName":"uganda","category":"Flags","isColor":true,"isAnimated":false,"free":false,"isExternal":false},{"id":"15538","name":"Ukraine","platform":"color","timestamp":1436467817,"url":"/icon/15538/ukraine","commonId":"8671","commonName":"ukraine","category":"Flags","isColor":true,"isAnimated":false,"free":false,"isExternal":false},{"id":"60211","name":"United Arab Emirates","platform":"color","timestamp":1506098513,"url":"/icon/60211/united-arab-emirates","commonId":"13218","commonName":"united-arab-emirates","category":"Flags","isColor":true,"isAnimated":false,"free":false,"isExternal":false},{"id":"XMmUVYeMKLBe","name":"United States Virgin Islands","platform":"color","timestamp":1644569508,"url":"/icon/XMmUVYeMKLBe/united-states-virgin-islands","commonId":"oFrbph7JrAl4","commonName":"united-states-virgin-islands","category":"Flags","isColor":true,"isAnimated":false,"free":false,"isExternal":false},{"id":"37278","name":"Uruguay","platform":"color","timestamp":1477419870,"url":"/icon/37278/uruguay","commonId":"11094","commonName":"uruguay","category":"Flags","isColor":true,"isAnimated":false,"free":false,"isExternal":false},{"id":"37262","name":"Uzbekistan","platform":"color","timestamp":1477415901,"url":"/icon/37262/uzbekistan","commonId":"11079","commonName":"uzbekistan","category":"Flags","isColor":true,"isAnimated":false,"free":false,"isExternal":false},{"id":"xJ7mFG9aDmC4","name":"Vanuatu","platform":"color","timestamp":1644569511,"url":"/icon/xJ7mFG9aDmC4/vanuatu","commonId":"vNDIRS1ZKijT","commonName":"vanuatu","category":"Flags","isColor":true,"isAnimated":false,"free":false,"isExternal":false},{"id":"XmETIGO3b1kj","name":"Vatican City","platform":"color","timestamp":1644569495,"url":"/icon/XmETIGO3b1kj/vatican-city","commonId":"HIn7xKYbVF9G","commonName":"vatican-city","category":"Flags","isColor":true,"isAnimated":false,"free":false,"isExternal":false},{"id":"60215","name":"Venezuela","platform":"color","timestamp":1506104638,"url":"/icon/60215/venezuela","commonId":"13222","commonName":"venezuela","category":"Flags","isColor":true,"isAnimated":false,"free":false,"isExternal":false},{"id":"60257","name":"Vietnam","platform":"color","timestamp":1506181592,"url":"/icon/60257/vietnam","commonId":"13258","commonName":"vietnam","category":"Flags","isColor":true,"isAnimated":false,"free":false,"isExternal":false},{"id":"gnRPMeCnRSA5","name":"Western Sahara","platform":"color","timestamp":1644569496,"url":"/icon/gnRPMeCnRSA5/western-sahara","commonId":"KJMihoEmzYa3","commonName":"western-sahara","category":"Flags","isColor":true,"isAnimated":false,"free":false,"isExternal":false},{"id":"60209","name":"Yemen","platform":"color","timestamp":1506098513,"url":"/icon/60209/yemen","commonId":"13213","commonName":"yemen","category":"Flags","isColor":true,"isAnimated":false,"free":false,"isExternal":false},{"id":"IuXqrDllIj79","name":"Zambia","platform":"color","timestamp":1644569498,"url":"/icon/IuXqrDllIj79/zambia","commonId":"SVwdCpJLKnpf","commonName":"zambia","category":"Flags","isColor":true,"isAnimated":false,"free":false,"isExternal":false},{"id":"60250","name":"Zimbabwe","platform":"color","timestamp":1506176707,"url":"/icon/60250/zimbabwe","commonId":"13251","commonName":"zimbabwe","category":"Flags","isColor":true,"isAnimated":false,"free":false,"isExternal":false}]},{"code":"flags-of-german-states","name":"Flags of German States","description":"","icons":[{"id":"36780","name":"Bavarian Flag","platform":"color","timestamp":1476213636,"url":"/icon/36780/bavarian-flag","commonId":"10969","commonName":"bavarian-flag","category":"Flags","isColor":true,"isAnimated":false,"free":false,"isExternal":false},{"id":"63436","name":"Flag of Brandenburg","platform":"color","timestamp":1511445669,"url":"/icon/63436/flag-of-brandenburg","commonId":"13898","commonName":"flag-of-brandenburg","category":"Flags","isColor":true,"isAnimated":false,"free":false,"isExternal":false},{"id":"63584","name":"Flag of Bremen With Lesser Arms","platform":"color","timestamp":1528903740,"url":"/icon/63584/flag-of-bremen-with-lesser-arms","commonId":"13907","commonName":"flag-of-bremen-with-lesser-arms","category":"Flags","isColor":true,"isAnimated":false,"free":false,"isExternal":false},{"id":"63581","name":"Flag of Hamburg","platform":"color","timestamp":1528903726,"url":"/icon/63581/flag-of-hamburg","commonId":"13904","commonName":"flag-of-hamburg","category":"Flags","isColor":true,"isAnimated":false,"free":false,"isExternal":false},{"id":"63585","name":"Flag of Hesse","platform":"color","timestamp":1511445686,"url":"/icon/63585/flag-of-hesse","commonId":"13908","commonName":"flag-of-hesse","category":"Flags","isColor":true,"isAnimated":false,"free":false,"isExternal":false},{"id":"63588","name":"Flag of Lower Saxony on Land","platform":"color","timestamp":1511445733,"url":"/icon/63588/flag-of-lower-saxony-on-land","commonId":"13911","commonName":"flag-of-lower-saxony-on-land","category":"Flags","isColor":true,"isAnimated":false,"free":false,"isExternal":false},{"id":"63587","name":"Flag of Mecklenburg Vorpommern","platform":"color","timestamp":1528903775,"url":"/icon/63587/flag-of-mecklenburg-vorpommern","commonId":"13910","commonName":"flag-of-mecklenburg-vorpommern","category":"Flags","isColor":true,"isAnimated":false,"free":false,"isExternal":false},{"id":"63586","name":"Flag of North Rhine Westphalia","platform":"color","timestamp":1511445700,"url":"/icon/63586/flag-of-north-rhine-westphalia","commonId":"13909","commonName":"flag-of-north-rhine-westphalia","category":"Flags","isColor":true,"isAnimated":false,"free":false,"isExternal":false},{"id":"63592","name":"Flag of Rhineland Palatinate","platform":"color","timestamp":1511445801,"url":"/icon/63592/flag-of-rhineland-palatinate","commonId":"13915","commonName":"flag-of-rhineland-palatinate","category":"Flags","isColor":true,"isAnimated":false,"free":false,"isExternal":false},{"id":"63595","name":"Flag of Saarland","platform":"color","timestamp":1528903867,"url":"/icon/63595/flag-of-saarland","commonId":"13918","commonName":"flag-of-saarland","category":"Flags","isColor":true,"isAnimated":false,"free":false,"isExternal":false},{"id":"63589","name":"Flag of Saxony","platform":"color","timestamp":1511445749,"url":"/icon/63589/flag-of-saxony","commonId":"13912","commonName":"flag-of-saxony","category":"Flags","isColor":true,"isAnimated":false,"free":false,"isExternal":false},{"id":"63591","name":"Flag of Saxony Anhalt","platform":"color","timestamp":1528903757,"url":"/icon/63591/flag-of-saxony-anhalt","commonId":"13914","commonName":"flag-of-saxony-anhalt","category":"Flags","isColor":true,"isAnimated":false,"free":false,"isExternal":false},{"id":"63590","name":"Flag of Schleswig Holstein","platform":"color","timestamp":1528903790,"url":"/icon/63590/flag-of-schleswig-holstein","commonId":"13913","commonName":"flag-of-schleswig-holstein","category":"Flags","isColor":true,"isAnimated":false,"free":false,"isExternal":false},{"id":"63594","name":"Flag of Thuringia","platform":"color","timestamp":1511445830,"url":"/icon/63594/flag-of-thuringia","commonId":"13917","commonName":"flag-of-thuringia","category":"Flags","isColor":true,"isAnimated":false,"free":false,"isExternal":false},{"id":"63596","name":"Lesser State Flag of Baden Wurttemberg","platform":"color","timestamp":1528906534,"url":"/icon/63596/lesser-state-flag-of-baden-wurttemberg","commonId":"13919","commonName":"lesser-state-flag-of-baden-wurttemberg","category":"Flags","isColor":true,"isAnimated":false,"free":false,"isExternal":false},{"id":"63593","name":"Lozengy Flag of Bavaria","platform":"color","timestamp":1511445814,"url":"/icon/63593/lozengy-flag-of-bavaria","commonId":"13916","commonName":"lozengy-flag-of-bavaria","category":"Flags","isColor":true,"isAnimated":false,"free":false,"isExternal":false},{"id":"63583","name":"State Ensign of Lower Saxony at Sea","platform":"color","timestamp":1511445638,"url":"/icon/63583/state-ensign-of-lower-saxony-at-sea","commonId":"13906","commonName":"state-ensign-of-lower-saxony-at-sea","category":"Flags","isColor":true,"isAnimated":false,"free":false,"isExternal":false},{"id":"63582","name":"State Flag of Berlin","platform":"color","timestamp":1528911866,"url":"/icon/63582/state-flag-of-berlin","commonId":"13905","commonName":"state-flag-of-berlin","category":"Flags","isColor":true,"isAnimated":false,"free":false,"isExternal":false},{"id":"63580","name":"Striped Flag of Bavaria","platform":"color","timestamp":1511445595,"url":"/icon/63580/striped-flag-of-bavaria","commonId":"13903","commonName":"striped-flag-of-bavaria","category":"Flags","isColor":true,"isAnimated":false,"free":false,"isExternal":false}]},{"code":"flags-of-the-us-states-and-territories","name":"Flags of the U.S. states and territories","description":"","icons":[{"id":"FXgk2XOgWT7M","name":"Alabama Flag","platform":"color","timestamp":1579860933,"url":"/icon/FXgk2XOgWT7M/alabama-flag","commonId":"Gecdx4OyE-17","commonName":"alabama-flag","category":"Flags","isColor":true,"isAnimated":false,"free":false,"isExternal":false},{"id":"Aib05gDheyNf","name":"Alaska Flag","platform":"color","timestamp":1579860934,"url":"/icon/Aib05gDheyNf/alaska-flag","commonId":"cE3R8Tn2OrC-","commonName":"alaska-flag","category":"Flags","isColor":true,"isAnimated":false,"free":false,"isExternal":false},{"id":"13vH9FEWOq5H","name":"American Civil War","platform":"color","timestamp":1640598213,"url":"/icon/13vH9FEWOq5H/american-civil-war","commonId":"JbqdyTP6e3Ir","commonName":"american-civil-war","category":"Flags","isColor":true,"isAnimated":false,"free":false,"isExternal":false},{"id":"dhysa2wLREAI","name":"American Samoa","platform":"color","timestamp":1644480126,"url":"/icon/dhysa2wLREAI/american-samoa","commonId":"iZk2G5u2EbSy","commonName":"american-samoa","category":"Flags","isColor":true,"isAnimated":false,"free":false,"isExternal":false},{"id":"zsruBfrYZpAO","name":"Arizona Flag","platform":"color","timestamp":1579860934,"url":"/icon/zsruBfrYZpAO/arizona-flag","commonId":"UQjqh9dL_hQj","commonName":"arizona-flag","category":"Flags","isColor":true,"isAnimated":false,"free":false,"isExternal":false},{"id":"jQPaxKFfArNp","name":"Arkansas Flag","platform":"color","timestamp":1579860935,"url":"/icon/jQPaxKFfArNp/arkansas-flag","commonId":"oubZz_Olm4AW","commonName":"arkansas-flag","category":"Flags","isColor":true,"isAnimated":false,"free":false,"isExternal":false},{"id":"Vos-tGVy-9iR","name":"California Flag","platform":"color","timestamp":1579860936,"url":"/icon/Vos-tGVy-9iR/california-flag","commonId":"ddXnxh79RcOc","commonName":"california-flag","category":"Flags","isColor":true,"isAnimated":false,"free":false,"isExternal":false},{"id":"vnYmQQ4X0JsA","name":"Colorado Flag","platform":"color","timestamp":1579860938,"url":"/icon/vnYmQQ4X0JsA/colorado-flag","commonId":"gK7mGpMsqKii","commonName":"colorado-flag","category":"Flags","isColor":true,"isAnimated":false,"free":false,"isExternal":false},{"id":"hYXb8jExIHVj","name":"Connecticut Flag","platform":"color","timestamp":1579860940,"url":"/icon/hYXb8jExIHVj/connecticut-flag","commonId":"fQnHCnhW0jwe","commonName":"connecticut-flag","category":"Flags","isColor":true,"isAnimated":false,"free":false,"isExternal":false},{"id":"fcpZguwMtVSs","name":"Delaware Flag","platform":"color","timestamp":1579860943,"url":"/icon/fcpZguwMtVSs/delaware-flag","commonId":"oJsF2Jpyontz","commonName":"delaware-flag","category":"Flags","isColor":true,"isAnimated":false,"free":false,"isExternal":false},{"id":"65s7MJaEmJ4e","name":"District of Columbia Flag","platform":"color","timestamp":1649154221,"url":"/icon/65s7MJaEmJ4e/district-of-columbia-flag","commonId":"qOb1PVPu9J7F","commonName":"district-of-columbia-flag","category":"Flags","isColor":true,"isAnimated":false,"free":false,"isExternal":false},{"id":"s1-q7JfG-sh7","name":"Florida Flag","platform":"color","timestamp":1579860946,"url":"/icon/s1-q7JfG-sh7/florida-flag","commonId":"HLjxjN2MaRKg","commonName":"florida-flag","category":"Flags","isColor":true,"isAnimated":false,"free":false,"isExternal":false},{"id":"NDrD4CYtRBwQ","name":"Georgia Flag","platform":"color","timestamp":1579860949,"url":"/icon/NDrD4CYtRBwQ/georgia-flag","commonId":"AJmLcAOvaVp2","commonName":"georgia-flag","category":"Flags","isColor":true,"isAnimated":false,"free":false,"isExternal":false},{"id":"kbSQX7XfBI5h","name":"Hawaii Flag","platform":"color","timestamp":1579860950,"url":"/icon/kbSQX7XfBI5h/hawaii-flag","commonId":"UdTC4CzKOc35","commonName":"hawaii-flag","category":"Flags","isColor":true,"isAnimated":false,"free":false,"isExternal":false},{"id":"zpkl1Hbgzf7W","name":"Idaho Flag","platform":"color","timestamp":1579860952,"url":"/icon/zpkl1Hbgzf7W/idaho-flag","commonId":"uDGyA3v_L3Xb","commonName":"idaho-flag","category":"Flags","isColor":true,"isAnimated":false,"free":false,"isExternal":false},{"id":"c_e0JWgTsNNx","name":"Illinois Flag","platform":"color","timestamp":1579860954,"url":"/icon/c_e0JWgTsNNx/illinois-flag","commonId":"uiwxxZiNzsxy","commonName":"illinois-flag","category":"Flags","isColor":true,"isAnimated":false,"free":false,"isExternal":false},{"id":"AGO0jdY-bkmt","name":"Indiana Flag","platform":"color","timestamp":1579860959,"url":"/icon/AGO0jdY-bkmt/indiana-flag","commonId":"E9kuTlTfXS74","commonName":"indiana-flag","category":"Flags","isColor":true,"isAnimated":false,"free":false,"isExternal":false}]}]}}