{
  "AUTH_COMPLETE_REGISTRATION": {
    "ACTION_BUTTON": "Complete registration",
    "TITLE": "One more step",
    "TEXT": "Please, enter your information"
  },
  "AUTH_ERRORS": {
    "INTERNAL": "@:{{'AUTH_ERRORS.UNKNOWN'}}",
    "INVALID_EMAIL": "",
    "LOGIN_INVALID_EMAIL": "Email address field is empty or has an invalid format",
    "LOGIN_INVALID_PASSWORD": "Invalid password",
    "LOGIN_NO_USER": "Nobody has registered with this email",
    "PASSWORD_NO_LETTERS": "Sorry, but your password must contain letters",
    "PASSWORD_NO_NUMBERS": "Sorry, but your password must contain numbers",
    "PASSWORD_TOO_SHORT": "Password should contain at least {{count}} characters",
    "PASSWORD_TOO_LONG": "Password should contain no more than {{count}} characters",
    "UNKNOWN": "An unknown error has occurred. Please, try again later",
    "USER_EXISTS": "This user has already registered",
    "PASSWORD_SPACES": "Sorry, but spaces are not allowed"
  },
  "AUTH_LOGIN_FORM": {
    "ACTION_BUTTON": "Log in",
    "EMAIL_LOGIN": "Or log in with an email",
    "FORGOT_PASSWORD": "Forgot your password?",
    "TITLE": "Log in to your account"
  },
  "AUTH_MODAL": {
    "TABS": {
      "LOGIN": "Log in",
      "REGISTER": "Register"
    }
  },
  "AUTH_PASSWORD_RESET": {
    "ENTERING_EMAIL": {
      "ACTION": "Send a link",
      "TEXT": "Enter the email you registered with and we'll send a link to reset the password",
      "TITLE": "Forgot your password?"
    },
    "INVALID_LINK": {
      "TITLE": "This link is no longer valid"
    },
    "LINK_SENT": {
      "TEXT": "We’ve sent a link to reset your password to {{email}}",
      "TITLE": "Check your mailbox"
    },
    "NEW_PASSWORD": {
      "ACTION": "Set",
      "TITLE": "New password"
    },
    "PASSWORD_UPDATED": {
      "ACTION": "Sign in",
      "TEXT": "Your password was changed and you can now use it to sign in to your Icons8 account",
      "TITLE": "Done!"
    }
  },
  "AUTH_REGISTRATION_FORM": {
    "ACTION_BUTTON": "Register",
    "EMAIL_REGISTRATION": "Or register with an email",
    "SUBSCRIBE_ARTICLES": "design articles",
    "SUBSCRIBE_TEMPLATE": "Agree to get time-saving {{articles}} and new release notifications",
    "TERMS_CONDITIONS": "Terms and Conditions",
    "TERMS_PRIVACY": "Privacy Policy",
    "TERMS_TEMPLATE": "Agree to {{conditions}} & {{privacy}}",
    "TITLE": "Create account"
  },
  "AUTH_SLIDES": {
    "DESIGN_TOOLS_ITEMS": [
      "Create photos and illustrations in browser",
      "Enhance your designs with our tools",
      "Use our assets in any apps"
    ],
    "DESIGN_TOOLS_TITLE": "Design tools",
    "ICONS_SUBTITLE": "PNG and SVG icons in 35 styles",
    "ICONS_TITLE": "Icons",
    "MUSIC_SUBTITLE": "Tracks ready-made for streaming videos",
    "MUSIC_TITLE": "Music",
    "PHOTOS_SUBTITLE": "Studio stock photos",
    "PHOTOS_TITLE": "Photos",
    "VECTORS_SUBTITLE": "Vector illustrations from top Dribbble illustrators",
    "VECTORS_TITLE": "Vectors"
  }
}
